-7.510000000000001,-1.52,0.608276253029822,0.608276253029822
-7.510000000000001,-1.4700000000000002,0.6184658438426491,0.6184658438426491
-7.510000000000001,-1.42,0.632455532033676,0.632455532033676
-7.510000000000001,-1.37,0.65,0.65
-7.510000000000001,-1.3200000000000003,0.6576473218982953,0.6576473218982953
-7.510000000000001,-1.27,0.6670832032063168,0.6670832032063168
-7.460000000000001,-1.2200000000000002,0.7280109889280518,0.7280109889280518
-7.460000000000001,-1.17,0.7433034373659253,0.7433034373659253
-7.460000000000001,-1.12,0.7516648189186454,0.7516648189186454
-7.460000000000001,-1.0700000000000003,0.7566372975210779,0.7566372975210779
-7.460000000000001,-1.02,0.7648529270389178,0.7648529270389178
-7.460000000000001,-0.9700000000000002,0.7762087348130012,0.7762087348130012
-7.460000000000001,-0.9199999999999999,0.7905694150420949,0.7905694150420949
-7.460000000000001,-0.8700000000000001,0.8,0.8
-7.460000000000001,-0.8200000000000003,0.8,0.8
-7.460000000000001,-0.7700000000000005,0.8,0.8
-7.410000000000001,-0.7199999999999998,0.8500000000000001,0.8500000000000001
-7.410000000000001,-0.6699999999999999,0.8500000000000001,0.8500000000000001
-7.360000000000001,-0.6200000000000001,0.9,0.9
-7.3100000000000005,-0.5700000000000003,0.9340770846134703,0.9340770846134703
-7.260000000000001,-0.5200000000000005,0.95524865872714,0.95524865872714
-7.260000000000001,-0.46999999999999975,0.9617692030835672,0.9617692030835672
-7.210000000000001,-0.41999999999999993,0.9848857801796105,0.9848857801796105
-7.160000000000001,-0.3700000000000001,0.97082439194738,0.97082439194738
-7.110000000000001,-0.3200000000000003,0.9604686356149273,0.9604686356149273
-7.0600000000000005,-0.3200000000000003,0.95524865872714,0.95524865872714
-7.010000000000001,-0.27000000000000046,0.9604686356149273,0.9604686356149273
-6.960000000000001,-0.21999999999999975,0.9604686356149273,0.9604686356149273
-6.91,-0.16999999999999993,0.95524865872714,0.95524865872714
-6.860000000000001,-0.16999999999999993,0.9617692030835672,0.9617692030835672
-6.8100000000000005,-0.1200000000000001,0.9656603957913984,0.9656603957913984
-6.760000000000001,-0.07000000000000028,0.9394147114027969,0.9394147114027969
-6.710000000000001,-0.07000000000000028,0.9617692030835672,0.9617692030835672
-6.66,-0.019999999999999574,0.9340770846134703,0.9340770846134703
-6.610000000000001,-0.019999999999999574,0.9486832980505139,0.9486832980505139
-6.5600000000000005,-0.019999999999999574,0.9394147114027969,0.9394147114027969
-6.510000000000001,0.03000000000000025,0.9219544457292888,0.9219544457292888
-6.460000000000001,0.03000000000000025,0.9340770846134703,0.9340770846134703
-6.41,0.08000000000000007,0.9,0.9
-6.360000000000001,0.08000000000000007,0.9,0.9
-6.3100000000000005,0.08000000000000007,0.9,0.9
-6.260000000000001,0.08000000000000007,0.9,0.9
-6.210000000000001,0.1299999999999999,0.8500000000000001,0.8500000000000001
-6.16,0.1299999999999999,0.8500000000000001,0.8500000000000001
-6.110000000000001,0.1299999999999999,0.8500000000000001,0.8500000000000001
-6.0600000000000005,0.1299999999999999,0.8500000000000001,0.8500000000000001
-6.010000000000001,0.1299999999999999,0.8381527307120106,0.8381527307120106
-5.960000000000001,0.1299999999999999,0.8246211251235321,0.8246211251235321
-5.91,0.1299999999999999,0.8139410298049854,0.8139410298049854
-5.860000000000001,0.08000000000000007,0.7615773105863909,0.7615773105863909
-5.8100000000000005,0.08000000000000007,0.7433034373659253,0.7433034373659253
-5.760000000000001,0.08000000000000007,0.7280109889280518,0.7280109889280518
-5.710000000000001,0.1299999999999999,0.7648529270389178,0.7648529270389178
-5.66,0.1299999999999999,0.7566372975210779,0.7566372975210779
-5.610000000000001,0.1299999999999999,0.7433034373659253,0.7433034373659253
-5.5600000000000005,0.1299999999999999,0.7280109889280518,0.7280109889280518
-5.510000000000001,0.1299999999999999,0.7158910531638177,0.7158910531638177
-5.460000000000001,0.08000000000000007,0.696419413859206,0.696419413859206
-5.41,0.08000000000000007,0.6800735254367722,0.6800735254367722
-5.360000000000001,0.08000000000000007,0.6670832032063168,0.6670832032063168
-5.3100000000000005,0.08000000000000007,0.6576473218982953,0.6576473218982953
-5.260000000000001,0.08000000000000007,0.651920240520265,0.651920240520265
-5.210000000000001,0.08000000000000007,0.65,0.65
-5.16,0.08000000000000007,0.65,0.65
-5.110000000000001,0.08000000000000007,0.65,0.65
-5.0600000000000005,0.08000000000000007,0.65,0.65
-5.010000000000001,0.08000000000000007,0.651920240520265,0.651920240520265
-4.960000000000001,0.08000000000000007,0.6576473218982953,0.6576473218982953
-4.910000000000001,0.08000000000000007,0.6670832032063168,0.6670832032063168
-4.86,0.08000000000000007,0.6800735254367722,0.6800735254367722
-4.8100000000000005,0.08000000000000007,0.696419413859206,0.696419413859206
-4.760000000000001,0.08000000000000007,0.7000000000000001,0.7000000000000001
-4.710000000000001,0.08000000000000007,0.7000000000000001,0.7000000000000001
-4.660000000000001,0.08000000000000007,0.7000000000000001,0.7000000000000001
-4.61,0.08000000000000007,0.7000000000000001,0.7000000000000001
-4.5600000000000005,0.08000000000000007,0.7000000000000001,0.7000000000000001
-4.510000000000001,0.08000000000000007,0.7000000000000001,0.7000000000000001
-4.460000000000001,0.08000000000000007,0.7000000000000001,0.7000000000000001
-4.410000000000001,0.08000000000000007,0.7000000000000001,0.7000000000000001
-4.36,0.08000000000000007,0.696419413859206,0.696419413859206
-4.3100000000000005,0.08000000000000007,0.6800735254367722,0.6800735254367722
-4.260000000000001,0.08000000000000007,0.6670832032063168,0.6670832032063168
-4.210000000000001,0.08000000000000007,0.6576473218982953,0.6576473218982953
-4.16,0.08000000000000007,0.651920240520265,0.651920240520265
-4.11,0.08000000000000007,0.65,0.65
-4.0600000000000005,0.08000000000000007,0.65,0.65
-4.010000000000001,0.08000000000000007,0.65,0.65
-3.960000000000001,0.08000000000000007,0.65,0.65
-3.91,0.08000000000000007,0.65,0.65
-3.8600000000000003,0.08000000000000007,0.65,0.65
-3.8100000000000005,0.08000000000000007,0.65,0.65
-3.7600000000000007,0.08000000000000007,0.65,0.65
-3.710000000000001,0.08000000000000007,0.65,0.65
-3.66,0.08000000000000007,0.65,0.65
-3.6100000000000003,0.08000000000000007,0.65,0.65
-3.5600000000000005,0.03000000000000025,0.6000000000000001,0.6000000000000001
-3.5100000000000007,0.03000000000000025,0.6000000000000001,0.6000000000000001
-3.460000000000001,0.03000000000000025,0.6000000000000001,0.6000000000000001
-3.41,0.03000000000000025,0.6000000000000001,0.6000000000000001
-3.3600000000000003,0.03000000000000025,0.6000000000000001,0.6000000000000001
-3.3100000000000005,0.03000000000000025,0.6000000000000001,0.6000000000000001
-3.2600000000000007,0.03000000000000025,0.6000000000000001,0.6000000000000001
-3.210000000000001,0.03000000000000025,0.6000000000000001,0.6000000000000001
-3.16,0.03000000000000025,0.6000000000000001,0.6000000000000001
-3.1100000000000003,0.03000000000000025,0.6000000000000001,0.6000000000000001
-3.0600000000000005,0.03000000000000025,0.6000000000000001,0.6000000000000001
-3.0100000000000007,0.03000000000000025,0.6000000000000001,0.6000000000000001
-2.960000000000001,0.03000000000000025,0.6000000000000001,0.6000000000000001
-2.91,0.03000000000000025,0.6000000000000001,0.6000000000000001
-2.8600000000000003,0.03000000000000025,0.6000000000000001,0.6000000000000001
-2.8100000000000005,0.03000000000000025,0.6000000000000001,0.6000000000000001
-2.7600000000000007,0.03000000000000025,0.6000000000000001,0.6000000000000001
-2.710000000000001,0.03000000000000025,0.6000000000000001,0.6000000000000001
-2.66,0.03000000000000025,0.6000000000000001,0.6000000000000001
-2.6100000000000003,0.03000000000000025,0.6000000000000001,0.6000000000000001
-2.5600000000000005,0.03000000000000025,0.6000000000000001,0.6000000000000001
-2.5100000000000007,0.03000000000000025,0.6000000000000001,0.6000000000000001
-2.460000000000001,0.03000000000000025,0.6000000000000001,0.6000000000000001
-2.41,0.03000000000000025,0.6000000000000001,0.6000000000000001
-2.3600000000000003,0.03000000000000025,0.6000000000000001,0.6000000000000001
-2.3100000000000005,0.03000000000000025,0.6000000000000001,0.6000000000000001
-2.2600000000000007,0.03000000000000025,0.6000000000000001,0.6000000000000001
-2.210000000000001,0.03000000000000025,0.6020797289396148,0.6020797289396148
-2.16,0.03000000000000025,0.608276253029822,0.608276253029822
-2.1100000000000003,0.03000000000000025,0.6184658438426491,0.6184658438426491
-2.0600000000000005,0.03000000000000025,0.632455532033676,0.632455532033676
-2.0100000000000007,0.03000000000000025,0.6184658438426491,0.6184658438426491
-1.9600000000000009,0.03000000000000025,0.608276253029822,0.608276253029822
-1.9100000000000001,0.03000000000000025,0.6020797289396148,0.6020797289396148
-1.8600000000000003,0.08000000000000007,0.6000000000000001,0.6000000000000001
-1.8100000000000005,0.08000000000000007,0.6000000000000001,0.6000000000000001
-1.7600000000000007,0.08000000000000007,0.6000000000000001,0.6000000000000001
-1.7100000000000009,0.08000000000000007,0.6020797289396148,0.6020797289396148
-1.6600000000000001,0.08000000000000007,0.6000000000000001,0.6000000000000001
-1.6100000000000003,0.08000000000000007,0.6000000000000001,0.6000000000000001
-1.5600000000000005,0.08000000000000007,0.6000000000000001,0.6000000000000001
-1.5100000000000007,0.08000000000000007,0.6000000000000001,0.6000000000000001
-1.4600000000000009,0.08000000000000007,0.6000000000000001,0.6000000000000001
-1.4100000000000001,0.08000000000000007,0.6000000000000001,0.6000000000000001
-1.3600000000000003,0.08000000000000007,0.6000000000000001,0.6000000000000001
-1.3100000000000005,0.08000000000000007,0.6000000000000001,0.6000000000000001
-1.2600000000000007,0.08000000000000007,0.6000000000000001,0.6000000000000001
-1.2100000000000009,0.08000000000000007,0.6000000000000001,0.6000000000000001
-1.1600000000000001,0.08000000000000007,0.6000000000000001,0.6000000000000001
-1.1100000000000003,0.08000000000000007,0.6000000000000001,0.6000000000000001
-1.0600000000000005,0.08000000000000007,0.6000000000000001,0.6000000000000001
-1.0100000000000007,0.08000000000000007,0.6000000000000001,0.6000000000000001
-0.9600000000000009,0.08000000000000007,0.6000000000000001,0.6000000000000001
-0.9100000000000001,0.08000000000000007,0.6000000000000001,0.6000000000000001
-0.8600000000000012,0.08000000000000007,0.6000000000000001,0.6000000000000001
-0.8100000000000005,0.08000000000000007,0.6000000000000001,0.6000000000000001
-0.7599999999999998,0.03000000000000025,0.55,0.55
-0.7100000000000009,0.03000000000000025,0.552268050859363,0.552268050859363
-0.6600000000000001,0.03000000000000025,0.5590169943749475,0.5590169943749475
-0.6100000000000012,0.03000000000000025,0.570087712549569,0.570087712549569
-0.5600000000000005,0.03000000000000025,0.5852349955359814,0.5852349955359814
-0.5099999999999998,0.03000000000000025,0.6041522986797286,0.6041522986797286
-0.46000000000000085,0.03000000000000025,0.6020797289396148,0.6020797289396148
-0.41000000000000014,0.03000000000000025,0.6000000000000001,0.6000000000000001
-0.3600000000000012,0.03000000000000025,0.6000000000000001,0.6000000000000001
-0.3100000000000005,-0.019999999999999574,0.65,0.65
-0.2599999999999998,-0.019999999999999574,0.65,0.65
-0.21000000000000085,-0.019999999999999574,0.65,0.65
-0.16000000000000014,-0.019999999999999574,0.65,0.65
-0.11000000000000121,-0.07000000000000028,0.65,0.65
-0.0600000000000005,-0.07000000000000028,0.6670832032063168,0.6670832032063168
-0.009999999999999787,-0.07000000000000028,0.6576473218982953,0.6576473218982953
0.03999999999999915,-0.07000000000000028,0.651920240520265,0.651920240520265
0.08999999999999986,-0.1200000000000001,0.670820393249937,0.670820393249937
0.1399999999999988,-0.1200000000000001,0.6946221994724903,0.6946221994724903
0.1899999999999995,-0.1200000000000001,0.6800735254367722,0.6800735254367722
0.2400000000000002,-0.16999999999999993,0.6946221994724903,0.6946221994724903
0.28999999999999915,-0.16999999999999993,0.7071067811865476,0.7071067811865476
0.33999999999999986,-0.16999999999999993,0.696419413859206,0.696419413859206
0.3899999999999988,-0.21999999999999975,0.7158910531638177,0.7158910531638177
0.4399999999999995,-0.21999999999999975,0.7158910531638177,0.7158910531638177
0.4900000000000002,-0.21999999999999975,0.696419413859206,0.696419413859206
0.5399999999999991,-0.27000000000000046,0.7158910531638177,0.7158910531638177
0.5899999999999999,-0.27000000000000046,0.7158910531638177,0.7158910531638177
0.6400000000000006,-0.27000000000000046,0.7071067811865476,0.7071067811865476
0.6899999999999995,-0.3200000000000003,0.75,0.75
0.7400000000000002,-0.3200000000000003,0.7433034373659253,0.7433034373659253
0.7899999999999991,-0.3700000000000001,0.7632168761236874,0.7632168761236874
0.8399999999999999,-0.3700000000000001,0.7615773105863909,0.7615773105863909
0.8900000000000006,-0.41999999999999993,0.7810249675906654,0.7810249675906654
0.9399999999999995,-0.41999999999999993,0.7762087348130012,0.7762087348130012
0.9900000000000002,-0.41999999999999993,0.7615773105863909,0.7615773105863909
1.0399999999999991,-0.46999999999999975,0.7905694150420949,0.7905694150420949
1.0899999999999999,-0.46999999999999975,0.7762087348130012,0.7762087348130012
1.1400000000000006,-0.5200000000000005,0.8139410298049854,0.8139410298049854
1.1899999999999995,-0.5700000000000003,0.848528137423857,0.848528137423857
1.2400000000000002,-0.5700000000000003,0.8381527307120106,0.8381527307120106
1.2899999999999991,-0.6200000000000001,0.873212459828649,0.873212459828649
1.3399999999999999,-0.6699999999999999,0.8845903006477066,0.8845903006477066
1.3900000000000006,-0.6699999999999999,0.873212459828649,0.873212459828649
1.4399999999999995,-0.7199999999999998,0.9013878188659974,0.9013878188659974
1.4900000000000002,-0.7199999999999998,0.8860022573334675,0.8860022573334675
1.5399999999999991,-0.7700000000000005,0.9178779875342911,0.9178779875342911
1.5899999999999999,-0.8200000000000003,0.894427190999916,0.894427190999916
1.6400000000000006,-0.8700000000000001,0.873212459828649,0.873212459828649
1.6899999999999995,-0.8700000000000001,0.8860022573334675,0.8860022573334675
1.7400000000000002,-0.9199999999999999,0.8544003745317531,0.8544003745317531
1.7899999999999991,-0.9199999999999999,0.873212459828649,0.873212459828649
1.8399999999999999,-0.9700000000000002,0.8500000000000001,0.8500000000000001
1.8900000000000006,-1.02,0.8246211251235321,0.8246211251235321
1.9399999999999995,-1.02,0.8381527307120106,0.8381527307120106
1.9900000000000002,-1.02,0.8500000000000001,0.8500000000000001
2.039999999999999,-1.0700000000000003,0.8246211251235321,0.8246211251235321
2.09,-1.0700000000000003,0.8381527307120106,0.8381527307120106
2.1400000000000006,-1.12,0.8077747210701756,0.8077747210701756
2.1899999999999995,-1.12,0.8276472678623424,0.8276472678623424
2.24,-1.12,0.8381527307120106,0.8381527307120106
2.289999999999999,-1.17,0.8246211251235321,0.8246211251235321
2.34,-1.17,0.8381527307120106,0.8381527307120106
2.3900000000000006,-1.17,0.8381527307120106,0.8381527307120106
2.4399999999999995,-1.17,0.8246211251235321,0.8246211251235321
2.49,-1.2200000000000002,0.8246211251235321,0.8246211251235321
2.539999999999999,-1.2200000000000002,0.8139410298049854,0.8139410298049854
2.59,-1.2200000000000002,0.8062257748298549,0.8062257748298549
2.6400000000000006,-1.2200000000000002,0.8015609770940699,0.8015609770940699
2.6899999999999995,-1.27,0.75,0.75
2.74,-1.27,0.75,0.75
2.789999999999999,-1.27,0.75,0.75
2.84,-1.27,0.7516648189186454,0.7516648189186454
2.8900000000000006,-1.27,0.7566372975210779,0.7566372975210779
2.9399999999999995,-1.27,0.7648529270389178,0.7648529270389178
2.99,-1.27,0.7762087348130012,0.7762087348130012
3.039999999999999,-1.27,0.7905694150420949,0.7905694150420949
3.09,-1.27,0.8,0.8
3.1400000000000006,-1.27,0.8,0.8
3.1899999999999995,-1.27,0.8,0.8
3.24,-1.2200000000000002,0.75,0.75
3.289999999999999,-1.2200000000000002,0.75,0.75
3.34,-1.2200000000000002,0.7516648189186454,0.7516648189186454
3.3900000000000006,-1.2200000000000002,0.7566372975210779,0.7566372975210779
3.4399999999999995,-1.2200000000000002,0.7648529270389178,0.7648529270389178
3.49,-1.2200000000000002,0.7762087348130012,0.7762087348130012
3.539999999999999,-1.2200000000000002,0.7905694150420949,0.7905694150420949
3.59,-1.2200000000000002,0.7762087348130012,0.7762087348130012
3.6400000000000006,-1.2200000000000002,0.7648529270389178,0.7648529270389178
3.6899999999999995,-1.2200000000000002,0.7566372975210779,0.7566372975210779
3.74,-1.2200000000000002,0.7516648189186454,0.7516648189186454
3.789999999999999,-1.2200000000000002,0.75,0.75
3.84,-1.17,0.8,0.8
3.8900000000000006,-1.17,0.8,0.8
3.9399999999999995,-1.17,0.7905694150420949,0.7905694150420949
3.99,-1.17,0.7762087348130012,0.7762087348130012
4.039999999999999,-1.17,0.7648529270389178,0.7648529270389178
4.09,-1.12,0.8062257748298549,0.8062257748298549
4.140000000000001,-1.12,0.8015609770940699,0.8015609770940699
4.1899999999999995,-1.0700000000000003,0.8381527307120106,0.8381527307120106
4.24,-1.0700000000000003,0.8246211251235321,0.8246211251235321
4.289999999999999,-1.0700000000000003,0.8139410298049854,0.8139410298049854
4.34,-1.0700000000000003,0.8062257748298549,0.8062257748298549
4.390000000000001,-1.02,0.8514693182963202,0.8514693182963202
4.4399999999999995,-1.02,0.8381527307120106,0.8381527307120106
4.49,-1.02,0.8246211251235321,0.8246211251235321
4.539999999999999,-1.02,0.8139410298049854,0.8139410298049854
4.59,-0.9700000000000002,0.8558621384311845,0.8558621384311845
4.640000000000001,-0.9700000000000002,0.8514693182963202,0.8514693182963202
4.6899999999999995,-0.9199999999999999,0.8860022573334675,0.8860022573334675
4.74,-0.9199999999999999,0.873212459828649,0.873212459828649
4.789999999999999,-0.9199999999999999,0.8631338250816034,0.8631338250816034
4.84,-0.8700000000000001,0.9013878188659974,0.9013878188659974
4.890000000000001,-0.8700000000000001,0.8860022573334675,0.8860022573334675
4.9399999999999995,-0.8700000000000001,0.873212459828649,0.873212459828649
4.99,-0.8200000000000003,0.912414379544733,0.912414379544733
5.039999999999999,-0.8200000000000003,0.9055385138137417,0.9055385138137417
5.09,-0.8200000000000003,0.9013878188659974,0.9013878188659974
5.140000000000001,-0.7700000000000005,0.9340770846134703,0.9340770846134703
5.1899999999999995,-0.7700000000000005,0.9219544457292888,0.9219544457292888
5.24,-0.7700000000000005,0.912414379544733,0.912414379544733
5.289999999999999,-0.7199999999999998,0.9486832980505139,0.9486832980505139
5.34,-0.7199999999999998,0.9340770846134703,0.9340770846134703
5.390000000000001,-0.6699999999999999,0.9656603957913984,0.9656603957913984
5.4399999999999995,-0.6699999999999999,0.9617692030835672,0.9617692030835672
5.49,-0.6699999999999999,0.9486832980505139,0.9486832980505139
5.539999999999999,-0.6200000000000001,0.982344135219425,0.982344135219425
5.59,-0.6200000000000001,0.9656603957913984,0.9656603957913984
5.640000000000001,-0.6200000000000001,0.9486832980505139,0.9486832980505139
5.6899999999999995,-0.5700000000000003,0.982344135219425,0.982344135219425
5.74,-0.5700000000000003,0.97082439194738,0.97082439194738
5.789999999999999,-0.5700000000000003,0.9617692030835672,0.9617692030835672
5.84,-0.5200000000000005,0.9848857801796105,0.9848857801796105
5.890000000000001,-0.5200000000000005,0.982344135219425,0.982344135219425
5.9399999999999995,-0.5200000000000005,0.9656603957913984,0.9656603957913984
5.99,-0.46999999999999975,0.9962429422585638,0.9962429422585638
6.039999999999999,-0.46999999999999975,0.982344135219425,0.982344135219425
6.09,-0.46999999999999975,0.97082439194738,0.97082439194738
6.140000000000001,-0.46999999999999975,0.9617692030835672,0.9617692030835672
6.1899999999999995,-0.41999999999999993,0.9962429422585638,0.9962429422585638
6.24,-0.41999999999999993,0.982344135219425,0.982344135219425
6.289999999999999,-0.41999999999999993,0.9656603957913984,0.9656603957913984
6.34,-0.41999999999999993,0.9486832980505139,0.9486832980505139
6.390000000000001,-0.3700000000000001,0.982344135219425,0.982344135219425
6.4399999999999995,-0.3700000000000001,0.97082439194738,0.97082439194738
6.49,-0.3700000000000001,0.9617692030835672,0.9617692030835672
6.539999999999999,-0.3200000000000003,1.004987562112089,1.004987562112089
6.59,-0.3200000000000003,0.9962429422585638,0.9962429422585638
6.640000000000001,-0.3200000000000003,0.982344135219425,0.982344135219425
6.6899999999999995,-0.27000000000000046,1.019803902718557,1.019803902718557
6.74,-0.21999999999999975,0.9962429422585638,0.9962429422585638
6.789999999999999,-0.21999999999999975,1.0124228365658294,1.0124228365658294
6.84,-0.21999999999999975,1.0295630140987002,1.0295630140987002
6.890000000000001,-0.16999999999999993,0.9962429422585638,0.9962429422585638
6.9399999999999995,-0.16999999999999993,1.0111874208078342,1.0111874208078342
6.99,-0.16999999999999993,1.0062305898749055,1.0062305898749055
7.039999999999999,-0.16999999999999993,0.9848857801796105,0.9848857801796105
7.09,-0.16999999999999993,0.9656603957913984,0.9656603957913984
7.140000000000001,-0.1200000000000001,0.9962429422585638,0.9962429422585638
7.190000000000001,-0.1200000000000001,0.982344135219425,0.982344135219425
7.239999999999998,-0.07000000000000028,0.982344135219425,0.982344135219425
7.289999999999999,-0.07000000000000028,0.9962429422585638,0.9962429422585638
7.34,-0.019999999999999574,0.9500000000000001,0.9500000000000001
7.390000000000001,-0.019999999999999574,0.9500000000000001,0.9500000000000001
7.440000000000001,-0.019999999999999574,0.9500000000000001,0.9500000000000001
7.489999999999998,-0.019999999999999574,0.9500000000000001,0.9500000000000001
7.539999999999999,0.03000000000000025,0.9,0.9
7.59,0.03000000000000025,0.9,0.9
7.640000000000001,0.03000000000000025,0.9,0.9
7.690000000000001,0.03000000000000025,0.9,0.9
7.739999999999998,0.03000000000000025,0.9,0.9
7.789999999999999,0.03000000000000025,0.9,0.9
7.84,0.08000000000000007,0.8500000000000001,0.8500000000000001
7.890000000000001,0.08000000000000007,0.8500000000000001,0.8500000000000001
7.940000000000001,0.08000000000000007,0.8514693182963202,0.8514693182963202
7.989999999999998,0.08000000000000007,0.8558621384311845,0.8558621384311845
8.04,0.08000000000000007,0.8631338250816034,0.8631338250816034
8.09,0.08000000000000007,0.873212459828649,0.873212459828649
8.14,0.08000000000000007,0.873212459828649,0.873212459828649
8.190000000000001,0.08000000000000007,0.8631338250816034,0.8631338250816034
8.239999999999998,0.08000000000000007,0.8558621384311845,0.8558621384311845
8.29,0.08000000000000007,0.8514693182963202,0.8514693182963202
8.34,0.08000000000000007,0.8500000000000001,0.8500000000000001
8.39,0.08000000000000007,0.8500000000000001,0.8500000000000001
8.440000000000001,0.08000000000000007,0.8500000000000001,0.8500000000000001
8.489999999999998,0.08000000000000007,0.8500000000000001,0.8500000000000001
8.54,0.08000000000000007,0.8500000000000001,0.8500000000000001
8.59,0.1299999999999999,0.8015609770940699,0.8015609770940699
8.64,0.1299999999999999,0.8062257748298549,0.8062257748298549
8.690000000000001,0.1299999999999999,0.8139410298049854,0.8139410298049854
8.739999999999998,0.1299999999999999,0.8246211251235321,0.8246211251235321
8.79,0.1299999999999999,0.8139410298049854,0.8139410298049854
8.84,0.1299999999999999,0.8062257748298549,0.8062257748298549
8.89,0.1299999999999999,0.8015609770940699,0.8015609770940699
8.940000000000001,0.1299999999999999,0.8,0.8
8.989999999999998,0.1299999999999999,0.8015609770940699,0.8015609770940699
9.04,0.1299999999999999,0.8062257748298549,0.8062257748298549
9.09,0.1299999999999999,0.8062257748298549,0.8062257748298549
9.14,0.17999999999999972,0.7516648189186454,0.7516648189186454
9.190000000000001,0.17999999999999972,0.75,0.75
9.239999999999998,0.17999999999999972,0.75,0.75
9.29,0.17999999999999972,0.75,0.75
9.34,0.17999999999999972,0.75,0.75
9.39,0.17999999999999972,0.75,0.75
9.440000000000001,0.17999999999999972,0.75,0.75
9.489999999999998,0.17999999999999972,0.75,0.75
9.54,0.17999999999999972,0.75,0.75
9.59,0.17999999999999972,0.75,0.75
9.64,0.17999999999999972,0.75,0.75
9.690000000000001,0.17999999999999972,0.75,0.75
9.739999999999998,0.17999999999999972,0.7433034373659253,0.7433034373659253
9.79,0.17999999999999972,0.7280109889280518,0.7280109889280518
9.84,0.17999999999999972,0.7158910531638177,0.7158910531638177
9.89,0.17999999999999972,0.7071067811865476,0.7071067811865476
9.940000000000001,0.17999999999999972,0.70178344238091,0.70178344238091
9.989999999999998,0.23000000000000043,0.7433034373659253,0.7433034373659253
10.04,0.23000000000000043,0.75,0.75
10.09,0.23000000000000043,0.75,0.75
10.14,0.23000000000000043,0.75,0.75
10.190000000000001,0.23000000000000043,0.75,0.75
10.240000000000002,0.28000000000000025,0.7158910531638177,0.7158910531638177
10.29,0.28000000000000025,0.7280109889280518,0.7280109889280518
10.34,0.28000000000000025,0.7433034373659253,0.7433034373659253
10.39,0.28000000000000025,0.7433034373659253,0.7433034373659253
10.440000000000001,0.28000000000000025,0.7280109889280518,0.7280109889280518
10.490000000000002,0.33000000000000007,0.7158910531638177,0.7158910531638177
10.54,0.33000000000000007,0.7280109889280518,0.7280109889280518
10.59,0.33000000000000007,0.7280109889280518,0.7280109889280518
10.64,0.3799999999999999,0.70178344238091,0.70178344238091
10.690000000000001,0.3799999999999999,0.7071067811865476,0.7071067811865476
10.740000000000002,0.3799999999999999,0.7158910531638177,0.7158910531638177
10.79,0.4299999999999997,0.6800735254367722,0.6800735254367722
10.84,0.4299999999999997,0.696419413859206,0.696419413859206
10.89,0.4299999999999997,0.7158910531638177,0.7158910531638177
10.940000000000001,0.4299999999999997,0.696419413859206,0.696419413859206
10.990000000000002,0.4800000000000004,0.696419413859206,0.696419413859206
11.04,0.4800000000000004,0.7158910531638177,0.7158910531638177
11.09,0.4800000000000004,0.6946221994724903,0.6946221994724903
11.14,0.5300000000000002,0.696419413859206,0.696419413859206
11.190000000000001,0.5300000000000002,0.696419413859206,0.696419413859206
11.240000000000002,0.5300000000000002,0.6800735254367722,0.6800735254367722
11.29,0.5800000000000001,0.696419413859206,0.696419413859206
11.34,0.5800000000000001,0.696419413859206,0.696419413859206
11.39,0.5800000000000001,0.6800735254367722,0.6800735254367722
11.440000000000001,0.6299999999999999,0.7158910531638177,0.7158910531638177
11.490000000000002,0.6299999999999999,0.696419413859206,0.696419413859206
11.54,0.6799999999999997,0.7158910531638177,0.7158910531638177
11.59,0.6799999999999997,0.7158910531638177,0.7158910531638177
11.64,0.6799999999999997,0.6946221994724903,0.6946221994724903
11.690000000000001,0.7300000000000004,0.7158910531638177,0.7158910531638177
11.740000000000002,0.7300000000000004,0.696419413859206,0.696419413859206
11.79,0.7300000000000004,0.6800735254367722,0.6800735254367722
11.84,0.7800000000000002,0.7158910531638177,0.7158910531638177
11.89,0.7800000000000002,0.696419413859206,0.696419413859206
11.940000000000001,0.8300000000000001,0.7280109889280518,0.7280109889280518
11.990000000000002,0.8300000000000001,0.7158910531638177,0.7158910531638177
12.04,0.8799999999999999,0.7566372975210779,0.7566372975210779
12.09,0.8799999999999999,0.7433034373659253,0.7433034373659253
12.14,0.9299999999999997,0.7762087348130012,0.7762087348130012
12.190000000000001,0.9299999999999997,0.7615773105863909,0.7615773105863909
12.240000000000002,0.9299999999999997,0.7433034373659253,0.7433034373659253
12.29,0.9800000000000004,0.7762087348130012,0.7762087348130012
12.34,1.0300000000000002,0.8077747210701756,0.8077747210701756
12.39,1.0300000000000002,0.7905694150420949,0.7905694150420949
12.440000000000001,1.08,0.8246211251235321,0.8246211251235321
12.490000000000002,1.13,0.8200609733428363,0.8200609733428363
12.54,1.13,0.8276472678623424,0.8276472678623424
12.59,1.1799999999999997,0.848528137423857,0.848528137423857
12.64,1.2300000000000004,0.848528137423857,0.848528137423857
12.690000000000001,1.2300000000000004,0.8500000000000001,0.8500000000000001
12.740000000000002,1.2800000000000002,0.873212459828649,0.873212459828649
12.79,1.2800000000000002,0.8500000000000001,0.8500000000000001
12.84,1.33,0.8602325267042628,0.8602325267042628
12.89,1.38,0.8602325267042628,0.8602325267042628
12.940000000000001,1.38,0.8500000000000001,0.8500000000000001
12.990000000000002,1.4299999999999997,0.8602325267042628,0.8602325267042628
13.04,1.4800000000000004,0.8746427842267951,0.8746427842267951
13.09,1.5300000000000002,0.8845903006477066,0.8845903006477066
13.14,1.58,0.890224690738243,0.890224690738243
13.190000000000001,1.63,0.9013878188659974,0.9013878188659974
13.240000000000002,1.6799999999999997,0.9178779875342911,0.9178779875342911
13.29,1.7300000000000004,0.9394147114027969,0.9394147114027969
13.34,1.7800000000000002,0.95524865872714,0.95524865872714
13.39,1.83,0.95524865872714,0.95524865872714
13.39,1.88,0.9433981132056604,0.9433981132056604
13.39,1.9299999999999997,0.9178779875342911,0.9178779875342911
13.440000000000001,1.9800000000000004,0.9394147114027969,0.9394147114027969
13.440000000000001,2.0300000000000002,0.9192388155425117,0.9192388155425117
13.440000000000001,2.08,0.9013878188659974,0.9013878188659974
13.490000000000002,2.13,0.9340770846134703,0.9340770846134703
13.490000000000002,2.1799999999999997,0.9219544457292888,0.9219544457292888
13.490000000000002,2.2300000000000004,0.912414379544733,0.912414379544733
13.490000000000002,2.2800000000000002,0.9055385138137417,0.9055385138137417
13.490000000000002,2.33,0.9013878188659974,0.9013878188659974
13.490000000000002,2.38,0.9,0.9
13.54,2.4299999999999997,0.9500000000000001,0.9500000000000001
13.54,2.4800000000000004,0.9500000000000001,0.9500000000000001
13.54,2.5300000000000002,0.9500000000000001,0.9500000000000001
13.490000000000002,2.58,0.9013878188659974,0.9013878188659974
13.490000000000002,2.63,0.9055385138137417,0.9055385138137417
13.490000000000002,2.6799999999999997,0.912414379544733,0.912414379544733
13.490000000000002,2.7300000000000004,0.9219544457292888,0.9219544457292888
13.490000000000002,2.7800000000000002,0.9340770846134703,0.9340770846134703
13.490000000000002,2.83,0.9486832980505139,0.9486832980505139
13.490000000000002,2.88,0.9656603957913984,0.9656603957913984
13.490000000000002,2.9299999999999997,0.982344135219425,0.982344135219425
13.440000000000001,2.9800000000000004,0.9486832980505139,0.9486832980505139
13.440000000000001,3.0300000000000002,0.9656603957913984,0.9656603957913984
13.440000000000001,3.08,0.9848857801796105,0.9848857801796105
13.440000000000001,3.13,0.982344135219425,0.982344135219425
13.440000000000001,3.1799999999999997,0.97082439194738,0.97082439194738
13.39,3.2300000000000004,1.0111874208078342,1.0111874208078342
13.39,3.2799999999999994,1.004987562112089,1.004987562112089
13.39,3.33,0.9962429422585638,0.9962429422585638
13.34,3.380000000000001,1.0307764064044151,1.0307764064044151
13.29,3.4299999999999997,1.0594810050208545,1.0594810050208545
13.29,3.4800000000000004,1.044030650891055,1.044030650891055
13.240000000000002,3.5299999999999994,1.0547511554864495,1.0547511554864495
13.190000000000001,3.5299999999999994,1.0606601717798214,1.0606601717798214
13.14,3.58,1.0606601717798214,1.0606601717798214
13.09,3.630000000000001,1.063014581273465,1.063014581273465
13.04,3.6799999999999997,1.0606601717798214,1.0606601717798214
12.990000000000002,3.7300000000000004,1.063014581273465,1.063014581273465
12.940000000000001,3.7799999999999994,1.0307764064044151,1.0307764064044151
12.89,3.7799999999999994,1.044030650891055,1.044030650891055
12.84,3.83,1.0,1.0
12.79,3.83,1.0012492197250393,1.0012492197250393
12.740000000000002,3.83,1.0,1.0
12.690000000000001,3.83,1.0,1.0
12.64,3.880000000000001,0.9486832980505139,0.9486832980505139
12.59,3.880000000000001,0.9340770846134703,0.9340770846134703
12.54,3.880000000000001,0.9219544457292888,0.9219544457292888
12.490000000000002,3.880000000000001,0.912414379544733,0.912414379544733
12.440000000000001,3.880000000000001,0.9055385138137417,0.9055385138137417
12.39,3.880000000000001,0.9013878188659974,0.9013878188659974
12.34,3.880000000000001,0.8860022573334675,0.8860022573334675
12.29,3.880000000000001,0.873212459828649,0.873212459828649
12.240000000000002,3.880000000000001,0.8631338250816034,0.8631338250816034
12.190000000000001,3.880000000000001,0.8558621384311845,0.8558621384311845
12.14,3.880000000000001,0.8514693182963202,0.8514693182963202
12.09,3.880000000000001,0.8500000000000001,0.8500000000000001
12.04,3.880000000000001,0.8381527307120106,0.8381527307120106
11.990000000000002,3.880000000000001,0.8246211251235321,0.8246211251235321
11.940000000000001,3.880000000000001,0.8139410298049854,0.8139410298049854
11.89,3.880000000000001,0.8062257748298549,0.8062257748298549
11.84,3.880000000000001,0.7905694150420949,0.7905694150420949
11.79,3.880000000000001,0.7762087348130012,0.7762087348130012
11.740000000000002,3.880000000000001,0.7648529270389178,0.7648529270389178
11.690000000000001,3.880000000000001,0.7566372975210779,0.7566372975210779
11.64,3.880000000000001,0.7516648189186454,0.7516648189186454
11.59,3.880000000000001,0.75,0.75
11.54,3.880000000000001,0.7516648189186454,0.7516648189186454
11.490000000000002,3.83,0.7000000000000001,0.7000000000000001
11.440000000000001,3.83,0.7000000000000001,0.7000000000000001
11.39,3.83,0.7000000000000001,0.7000000000000001
11.34,3.83,0.7000000000000001,0.7000000000000001
11.29,3.83,0.7000000000000001,0.7000000000000001
11.240000000000002,3.83,0.7000000000000001,0.7000000000000001
11.190000000000001,3.83,0.7000000000000001,0.7000000000000001
11.14,3.83,0.7000000000000001,0.7000000000000001
11.09,3.83,0.70178344238091,0.70178344238091
11.04,3.83,0.7000000000000001,0.7000000000000001
10.990000000000002,3.83,0.70178344238091,0.70178344238091
10.940000000000001,3.83,0.7000000000000001,0.7000000000000001
10.89,3.83,0.70178344238091,0.70178344238091
10.84,3.83,0.7071067811865476,0.7071067811865476
10.79,3.7799999999999994,0.6670832032063168,0.6670832032063168
10.740000000000002,3.7799999999999994,0.6800735254367722,0.6800735254367722
10.690000000000001,3.7799999999999994,0.696419413859206,0.696419413859206
10.64,3.7799999999999994,0.7000000000000001,0.7000000000000001
10.59,3.7799999999999994,0.7000000000000001,0.7000000000000001
10.54,3.7799999999999994,0.7000000000000001,0.7000000000000001
10.490000000000002,3.7799999999999994,0.7000000000000001,0.7000000000000001
10.440000000000001,3.7300000000000004,0.65,0.65
10.39,3.7300000000000004,0.65,0.65
10.34,3.7300000000000004,0.65,0.65
10.29,3.7300000000000004,0.65,0.65
10.240000000000002,3.7300000000000004,0.65,0.65
10.190000000000001,3.7300000000000004,0.65,0.65
10.14,3.7300000000000004,0.65,0.65
10.09,3.6799999999999997,0.6000000000000001,0.6000000000000001
10.04,3.6799999999999997,0.6020797289396148,0.6020797289396148
9.989999999999998,3.6799999999999997,0.6000000000000001,0.6000000000000001
9.940000000000001,3.6799999999999997,0.6000000000000001,0.6000000000000001
9.89,3.6799999999999997,0.6020797289396148,0.6020797289396148
9.84,3.6799999999999997,0.608276253029822,0.608276253029822
9.79,3.6799999999999997,0.6184658438426491,0.6184658438426491
9.739999999999998,3.6799999999999997,0.632455532033676,0.632455532033676
9.690000000000001,3.6799999999999997,0.65,0.65
9.64,3.6799999999999997,0.65,0.65
9.59,3.6799999999999997,0.632455532033676,0.632455532033676
9.54,3.630000000000001,0.6184658438426491,0.6184658438426491
9.489999999999998,3.630000000000001,0.632455532033676,0.632455532033676
9.440000000000001,3.630000000000001,0.65,0.65
9.39,3.630000000000001,0.632455532033676,0.632455532033676
9.34,3.630000000000001,0.6184658438426491,0.6184658438426491
9.29,3.58,0.6184658438426491,0.6184658438426491
9.239999999999998,3.58,0.632455532033676,0.632455532033676
9.190000000000001,3.58,0.65,0.65
9.14,3.58,0.632455532033676,0.632455532033676
9.09,3.58,0.6184658438426491,0.6184658438426491
9.04,3.5299999999999994,0.65,0.65
8.989999999999998,3.5299999999999994,0.651920240520265,0.651920240520265
8.940000000000001,3.5299999999999994,0.65,0.65
8.89,3.5299999999999994,0.632455532033676,0.632455532033676
8.84,3.4800000000000004,0.6576473218982953,0.6576473218982953
8.79,3.4800000000000004,0.6576473218982953,0.6576473218982953
8.739999999999998,3.4800000000000004,0.651920240520265,0.651920240520265
8.690000000000001,3.4299999999999997,0.65,0.65
8.64,3.4299999999999997,0.6576473218982953,0.6576473218982953
8.59,3.4299999999999997,0.6670832032063168,0.6670832032063168
8.54,3.4299999999999997,0.6576473218982953,0.6576473218982953
8.489999999999998,3.380000000000001,0.65,0.65
8.440000000000001,3.380000000000001,0.651920240520265,0.651920240520265
8.39,3.380000000000001,0.6576473218982953,0.6576473218982953
8.34,3.380000000000001,0.6576473218982953,0.6576473218982953
8.29,3.33,0.632455532033676,0.632455532033676
8.239999999999998,3.33,0.65,0.65
8.190000000000001,3.33,0.6670832032063168,0.6670832032063168
8.14,3.33,0.6670832032063168,0.6670832032063168
8.09,3.33,0.6576473218982953,0.6576473218982953
8.04,3.2799999999999994,0.6670832032063168,0.6670832032063168
7.989999999999998,3.2799999999999994,0.6800735254367722,0.6800735254367722
7.940000000000001,3.2799999999999994,0.6800735254367722,0.6800735254367722
7.890000000000001,3.2300000000000004,0.6576473218982953,0.6576473218982953
7.84,3.2300000000000004,0.6670832032063168,0.6670832032063168
7.789999999999999,3.2300000000000004,0.6800735254367722,0.6800735254367722
7.739999999999998,3.2300000000000004,0.6800735254367722,0.6800735254367722
7.690000000000001,3.1799999999999997,0.670820393249937,0.670820393249937
7.640000000000001,3.1799999999999997,0.6946221994724903,0.6946221994724903
7.59,3.1799999999999997,0.696419413859206,0.696419413859206
7.539999999999999,3.13,0.7106335201775948,0.7106335201775948
7.489999999999998,3.13,0.7158910531638177,0.7158910531638177
7.440000000000001,3.08,0.7211102550927979,0.7211102550927979
7.390000000000001,3.08,0.73824115301167,0.73824115301167
7.34,3.0300000000000002,0.7158910531638177,0.7158910531638177
7.289999999999999,3.0300000000000002,0.7280109889280518,0.7280109889280518
7.239999999999998,3.0300000000000002,0.7280109889280518,0.7280109889280518
7.190000000000001,2.9800000000000004,0.7158910531638177,0.7158910531638177
7.140000000000001,2.9299999999999997,0.6946221994724903,0.6946221994724903
7.09,2.9299999999999997,0.7071067811865476,0.7071067811865476
7.039999999999999,2.88,0.6946221994724903,0.6946221994724903
6.99,2.88,0.6800735254367722,0.6800735254367722
6.9399999999999995,2.83,0.6946221994724903,0.6946221994724903
6.890000000000001,2.7800000000000002,0.7071067811865476,0.7071067811865476
6.84,2.7300000000000004,0.7071067811865476,0.7071067811865476
6.789999999999999,2.6799999999999997,0.7106335201775948,0.7106335201775948
6.74,2.63,0.7211102550927979,0.7211102550927979
6.6899999999999995,2.63,0.73824115301167,0.73824115301167
6.640000000000001,2.58,0.7615773105863909,0.7615773105863909
6.59,2.58,0.7433034373659253,0.7433034373659253
6.539999999999999,2.5300000000000002,0.7615773105863909,0.7615773105863909
6.49,2.5300000000000002,0.7615773105863909,0.7615773105863909
6.4399999999999995,2.4800000000000004,0.7615773105863909,0.7615773105863909
6.390000000000001,2.4800000000000004,0.7615773105863909,0.7615773105863909
6.34,2.4299999999999997,0.7615773105863909,0.7615773105863909
6.289999999999999,2.4299999999999997,0.7762087348130012,0.7762087348130012
6.24,2.38,0.7433034373659253,0.7433034373659253
6.1899999999999995,2.38,0.7615773105863909,0.7615773105863909
6.140000000000001,2.33,0.73824115301167,0.73824115301167
6.09,2.33,0.7615773105863909,0.7615773105863909
6.039999999999999,2.33,0.7615773105863909,0.7615773105863909
5.99,2.2800000000000002,0.7433034373659253,0.7433034373659253
5.9399999999999995,2.2800000000000002,0.7615773105863909,0.7615773105863909
5.890000000000001,2.2300000000000004,0.7280109889280518,0.7280109889280518
5.84,2.2300000000000004,0.7433034373659253,0.7433034373659253
5.789999999999999,2.2300000000000004,0.7433034373659253,0.7433034373659253
5.74,2.2300000000000004,0.7280109889280518,0.7280109889280518
5.6899999999999995,2.2300000000000004,0.7158910531638177,0.7158910531638177
5.640000000000001,2.2300000000000004,0.7071067811865476,0.7071067811865476
5.59,2.1799999999999997,0.7516648189186454,0.7516648189186454
5.539999999999999,2.1799999999999997,0.75,0.75
5.49,2.1799999999999997,0.75,0.75
5.4399999999999995,2.1799999999999997,0.75,0.75
5.390000000000001,2.13,0.7905694150420949,0.7905694150420949
5.34,2.13,0.7762087348130012,0.7762087348130012
5.289999999999999,2.13,0.7648529270389178,0.7648529270389178
5.24,2.13,0.7566372975210779,0.7566372975210779
5.1899999999999995,2.13,0.7516648189186454,0.7516648189186454
5.140000000000001,2.13,0.75,0.75
5.09,2.13,0.75,0.75
5.039999999999999,2.08,0.8,0.8
4.99,2.08,0.8,0.8
4.9399999999999995,2.08,0.8,0.8
4.890000000000001,2.08,0.8,0.8
4.84,2.08,0.8,0.8
4.789999999999999,2.08,0.8,0.8
4.74,2.08,0.8,0.8
4.6899999999999995,2.08,0.8,0.8
4.640000000000001,2.08,0.8,0.8
4.59,2.08,0.8,0.8
4.539999999999999,2.08,0.8,0.8
4.49,2.13,0.7516648189186454,0.7516648189186454
4.4399999999999995,2.13,0.7516648189186454,0.7516648189186454
4.390000000000001,2.13,0.75,0.75
4.34,2.13,0.7516648189186454,0.7516648189186454
4.289999999999999,2.13,0.7566372975210779,0.7566372975210779
4.24,2.1799999999999997,0.7158910531638177,0.7158910531638177
4.1899999999999995,2.1799999999999997,0.7280109889280518,0.7280109889280518
4.140000000000001,2.1799999999999997,0.7433034373659253,0.7433034373659253
4.09,2.2300000000000004,0.7000000000000001,0.7000000000000001
4.039999999999999,2.2300000000000004,0.7000000000000001,0.7000000000000001
3.99,2.2800000000000002,0.65,0.65
3.9399999999999995,2.2800000000000002,0.65,0.65
3.8900000000000006,2.2800000000000002,0.65,0.65
3.84,2.33,0.6000000000000001,0.6000000000000001
3.789999999999999,2.33,0.6020797289396148,0.6020797289396148
3.74,2.33,0.608276253029822,0.608276253029822
3.6899999999999995,2.38,0.570087712549569,0.570087712549569
3.6400000000000006,2.38,0.5852349955359814,0.5852349955359814
3.59,2.38,0.5830951894845301,0.5830951894845301
3.539999999999999,2.4299999999999997,0.570087712549569,0.570087712549569
3.49,2.4299999999999997,0.5830951894845301,0.5830951894845301
3.4399999999999995,2.4299999999999997,0.5590169943749475,0.5590169943749475
3.3900000000000006,2.4800000000000004,0.570087712549569,0.570087712549569
3.34,2.5300000000000002,0.570087712549569,0.570087712549569
3.289999999999999,2.5300000000000002,0.5590169943749475,0.5590169943749475
3.24,2.58,0.5830951894845301,0.5830951894845301
3.1899999999999995,2.58,0.5590169943749475,0.5590169943749475
3.1400000000000006,2.63,0.5830951894845301,0.5830951894845301
3.09,2.63,0.570087712549569,0.570087712549569
3.039999999999999,2.6799999999999997,0.6020797289396148,0.6020797289396148
2.99,2.6799999999999997,0.5852349955359814,0.5852349955359814
2.9399999999999995,2.6799999999999997,0.570087712549569,0.570087712549569
2.8900000000000006,2.7300000000000004,0.608276253029822,0.608276253029822
2.84,2.7300000000000004,0.6020797289396148,0.6020797289396148
2.789999999999999,2.7300000000000004,0.5852349955359814,0.5852349955359814
2.74,2.7800000000000002,0.6184658438426491,0.6184658438426491
2.6899999999999995,2.7800000000000002,0.608276253029822,0.608276253029822
2.6400000000000006,2.7800000000000002,0.6020797289396148,0.6020797289396148
2.59,2.7800000000000002,0.6000000000000001,0.6000000000000001
2.539999999999999,2.83,0.651920240520265,0.651920240520265
2.49,2.83,0.65,0.65
2.4399999999999995,2.83,0.65,0.65
2.3900000000000006,2.83,0.65,0.65
2.34,2.88,0.7000000000000001,0.7000000000000001
2.289999999999999,2.88,0.7000000000000001,0.7000000000000001
2.24,2.88,0.7000000000000001,0.7000000000000001
2.1899999999999995,2.88,0.7000000000000001,0.7000000000000001
2.1400000000000006,2.88,0.7000000000000001,0.7000000000000001
2.09,2.9299999999999997,0.75,0.75
2.039999999999999,2.9800000000000004,0.8,0.8
2.039999999999999,2.88,0.7000000000000001,0.7000000000000001
1.9900000000000002,2.88,0.7000000000000001,0.7000000000000001
1.9399999999999995,2.83,0.651920240520265,0.651920240520265
1.8900000000000006,2.83,0.6576473218982953,0.6576473218982953
1.8399999999999999,2.83,0.6670832032063168,0.6670832032063168
1.7899999999999991,2.7800000000000002,0.632455532033676,0.632455532033676
1.7400000000000002,2.7800000000000002,0.65,0.65
1.6899999999999995,2.7800000000000002,0.670820393249937,0.670820393249937
1.6400000000000006,2.7300000000000004,0.651920240520265,0.651920240520265
1.5899999999999999,2.7300000000000004,0.670820393249937,0.670820393249937
1.5399999999999991,2.6799999999999997,0.6726812023536856,0.6726812023536856
1.4900000000000002,2.63,0.670820393249937,0.670820393249937
1.4399999999999995,2.58,0.651920240520265,0.651920240520265
1.3900000000000006,2.5300000000000002,0.632455532033676,0.632455532033676
1.3399999999999999,2.5300000000000002,0.65,0.65
1.2899999999999991,2.4800000000000004,0.6184658438426491,0.6184658438426491
1.2400000000000002,2.4800000000000004,0.632455532033676,0.632455532033676
1.1899999999999995,2.4299999999999997,0.6041522986797286,0.6041522986797286
1.1400000000000006,2.4299999999999997,0.6264982043070835,0.6264982043070835
1.0899999999999999,2.4299999999999997,0.6103277807866851,0.6103277807866851
1.0399999999999991,2.38,0.608276253029822,0.608276253029822
0.9900000000000002,2.33,0.570087712549569,0.570087712549569
0.9399999999999995,2.33,0.5852349955359814,0.5852349955359814
0.8900000000000006,2.33,0.6041522986797286,0.6041522986797286
0.8399999999999999,2.2800000000000002,0.570087712549569,0.570087712549569
0.7899999999999991,2.2800000000000002,0.5852349955359814,0.5852349955359814
0.7400000000000002,2.2800000000000002,0.5852349955359814,0.5852349955359814
0.6899999999999995,2.2800000000000002,0.570087712549569,0.570087712549569
0.6400000000000006,2.2300000000000004,0.552268050859363,0.552268050859363
0.5899999999999999,2.2300000000000004,0.5590169943749475,0.5590169943749475
0.5399999999999991,2.2300000000000004,0.570087712549569,0.570087712549569
0.4900000000000002,2.2300000000000004,0.570087712549569,0.570087712549569
0.4399999999999995,2.1799999999999997,0.55,0.55
0.3899999999999988,2.1799999999999997,0.55,0.55
0.33999999999999986,2.1799999999999997,0.55,0.55
0.28999999999999915,2.1799999999999997,0.55,0.55
0.2400000000000002,2.1799999999999997,0.5385164807134504,0.5385164807134504
0.1899999999999995,2.1799999999999997,0.5220153254455275,0.5220153254455275
0.1399999999999988,2.1799999999999997,0.5099019513592785,0.5099019513592785
0.08999999999999986,2.1799999999999997,0.5024937810560445,0.5024937810560445
0.03999999999999915,2.1799999999999997,0.5,0.5
-0.009999999999999787,2.1799999999999997,0.5,0.5
-0.0600000000000005,2.1799999999999997,0.5,0.5
-0.11000000000000121,2.1799999999999997,0.5,0.5
-0.16000000000000014,2.1799999999999997,0.5,0.5
-0.21000000000000085,2.1799999999999997,0.5,0.5
-0.2599999999999998,2.1799999999999997,0.5,0.5
-0.3100000000000005,2.1799999999999997,0.5,0.5
-0.3600000000000012,2.1799999999999997,0.5,0.5
-0.41000000000000014,2.1799999999999997,0.5,0.5
-0.46000000000000085,2.1799999999999997,0.5,0.5
-0.5099999999999998,2.1799999999999997,0.5,0.5
-0.5600000000000005,2.1799999999999997,0.5,0.5
-0.6100000000000012,2.1799999999999997,0.5,0.5
-0.6600000000000001,2.1799999999999997,0.5,0.5
-0.7100000000000009,2.1799999999999997,0.5,0.5
-0.7599999999999998,2.1799999999999997,0.5,0.5
-0.8100000000000005,2.1799999999999997,0.5,0.5
-0.8600000000000012,2.1799999999999997,0.5,0.5
-0.9100000000000001,2.1799999999999997,0.5,0.5
-0.9600000000000009,2.1799999999999997,0.5024937810560445,0.5024937810560445
-1.0100000000000007,2.1799999999999997,0.5,0.5
-1.0600000000000005,2.1799999999999997,0.5,0.5
-1.1100000000000003,2.1799999999999997,0.5024937810560445,0.5024937810560445
-1.1600000000000001,2.1799999999999997,0.5099019513592785,0.5099019513592785
-1.2100000000000009,2.1799999999999997,0.5220153254455275,0.5220153254455275
-1.2600000000000007,2.1799999999999997,0.5385164807134504,0.5385164807134504
-1.3100000000000005,2.1799999999999997,0.5220153254455275,0.5220153254455275
-1.3600000000000003,2.1799999999999997,0.5099019513592785,0.5099019513592785
-1.4100000000000001,2.1799999999999997,0.5024937810560445,0.5024937810560445
-1.4600000000000009,2.1799999999999997,0.5,0.5
-1.5100000000000007,2.2300000000000004,0.55,0.55
-1.5600000000000005,2.2300000000000004,0.55,0.55
-1.6100000000000003,2.2300000000000004,0.55,0.55
-1.6600000000000001,2.2300000000000004,0.55,0.55
-1.7100000000000009,2.2300000000000004,0.55,0.55
-1.7600000000000007,2.2300000000000004,0.55,0.55
-1.8100000000000005,2.2300000000000004,0.55,0.55
-1.8600000000000003,2.2300000000000004,0.55,0.55
-1.9100000000000001,2.2300000000000004,0.55,0.55
-1.9600000000000009,2.2300000000000004,0.55,0.55
-2.0100000000000007,2.2300000000000004,0.55,0.55
-2.0600000000000005,2.2300000000000004,0.55,0.55
-2.1100000000000003,2.2300000000000004,0.55,0.55
-2.16,2.2300000000000004,0.55,0.55
-2.210000000000001,2.2300000000000004,0.55,0.55
-2.2600000000000007,2.2300000000000004,0.55,0.55
-2.3100000000000005,2.2300000000000004,0.55,0.55
-2.3600000000000003,2.2300000000000004,0.552268050859363,0.552268050859363
-2.41,2.2300000000000004,0.55,0.55
-2.460000000000001,2.2300000000000004,0.55,0.55
-2.5100000000000007,2.2300000000000004,0.55,0.55
-2.5600000000000005,2.2300000000000004,0.55,0.55
-2.6100000000000003,2.2800000000000002,0.55,0.55
-2.66,2.2800000000000002,0.55,0.55
-2.710000000000001,2.2800000000000002,0.552268050859363,0.552268050859363
-2.7600000000000007,2.2800000000000002,0.55,0.55
-2.8100000000000005,2.2800000000000002,0.552268050859363,0.552268050859363
-2.8600000000000003,2.2800000000000002,0.5590169943749475,0.5590169943749475
-2.91,2.2800000000000002,0.552268050859363,0.552268050859363
-2.960000000000001,2.2800000000000002,0.5385164807134504,0.5385164807134504
-3.0100000000000007,2.2800000000000002,0.5220153254455275,0.5220153254455275
-3.0600000000000005,2.2800000000000002,0.5099019513592785,0.5099019513592785
-3.1100000000000003,2.33,0.552268050859363,0.552268050859363
-3.16,2.33,0.55,0.55
-3.210000000000001,2.33,0.552268050859363,0.552268050859363
-3.2600000000000007,2.33,0.5590169943749475,0.5590169943749475
-3.3100000000000005,2.33,0.552268050859363,0.552268050859363
-3.3600000000000003,2.33,0.55,0.55
-3.41,2.33,0.552268050859363,0.552268050859363
-3.460000000000001,2.33,0.55,0.55
-3.5100000000000007,2.38,0.5590169943749475,0.5590169943749475
-3.5600000000000005,2.38,0.570087712549569,0.570087712549569
-3.6100000000000003,2.38,0.5852349955359814,0.5852349955359814
-3.66,2.38,0.5852349955359814,0.5852349955359814
-3.710000000000001,2.38,0.570087712549569,0.570087712549569
-3.7600000000000007,2.38,0.5590169943749475,0.5590169943749475
-3.8100000000000005,2.38,0.552268050859363,0.552268050859363
-3.8600000000000003,2.38,0.55,0.55
-3.91,2.38,0.55,0.55
-3.960000000000001,2.4299999999999997,0.6000000000000001,0.6000000000000001
-4.010000000000001,2.4299999999999997,0.6000000000000001,0.6000000000000001
-4.0600000000000005,2.4299999999999997,0.6020797289396148,0.6020797289396148
-4.11,2.4299999999999997,0.608276253029822,0.608276253029822
-4.16,2.4299999999999997,0.6020797289396148,0.6020797289396148
-4.210000000000001,2.4299999999999997,0.6000000000000001,0.6000000000000001
-4.260000000000001,2.4299999999999997,0.6020797289396148,0.6020797289396148
-4.3100000000000005,2.4299999999999997,0.6000000000000001,0.6000000000000001
-4.36,2.4299999999999997,0.6000000000000001,0.6000000000000001
-4.410000000000001,2.4299999999999997,0.6000000000000001,0.6000000000000001
-4.460000000000001,2.4800000000000004,0.65,0.65
-4.510000000000001,2.4800000000000004,0.65,0.65
-4.5600000000000005,2.4800000000000004,0.65,0.65
-4.61,2.4800000000000004,0.65,0.65
-4.660000000000001,2.4800000000000004,0.65,0.65
-4.710000000000001,2.5300000000000002,0.651920240520265,0.651920240520265
-4.760000000000001,2.5300000000000002,0.651920240520265,0.651920240520265
-4.8100000000000005,2.5300000000000002,0.65,0.65
-4.86,2.5300000000000002,0.651920240520265,0.651920240520265
-4.910000000000001,2.5300000000000002,0.651920240520265,0.651920240520265
-4.960000000000001,2.5300000000000002,0.65,0.65
-5.010000000000001,2.5300000000000002,0.65,0.65
-5.0600000000000005,2.5300000000000002,0.632455532033676,0.632455532033676
-5.110000000000001,2.58,0.6670832032063168,0.6670832032063168
-5.16,2.58,0.6576473218982953,0.6576473218982953
-5.210000000000001,2.58,0.651920240520265,0.651920240520265
-5.260000000000001,2.63,0.696419413859206,0.696419413859206
-5.3100000000000005,2.63,0.6800735254367722,0.6800735254367722
-5.360000000000001,2.63,0.6670832032063168,0.6670832032063168
-5.41,2.6799999999999997,0.696419413859206,0.696419413859206
-5.460000000000001,2.7300000000000004,0.7280109889280518,0.7280109889280518
-5.510000000000001,2.7300000000000004,0.7158910531638177,0.7158910531638177
-5.5600000000000005,2.7800000000000002,0.7566372975210779,0.7566372975210779
-5.610000000000001,2.83,0.7778174593052023,0.7778174593052023
-5.66,2.83,0.7615773105863909,0.7615773105863909
-5.710000000000001,2.88,0.7905694150420949,0.7905694150420949
-5.760000000000001,2.88,0.7762087348130012,0.7762087348130012
-5.8100000000000005,2.9299999999999997,0.8077747210701756,0.8077747210701756
-5.860000000000001,2.9800000000000004,0.8381527307120106,0.8381527307120106
-5.91,3.0300000000000002,0.873212459828649,0.873212459828649
-5.960000000000001,3.08,0.912414379544733,0.912414379544733
-5.960000000000001,3.13,0.894427190999916,0.894427190999916
-6.010000000000001,3.1799999999999997,0.9192388155425117,0.9192388155425117
-6.010000000000001,3.2300000000000004,0.9013878188659974,0.9013878188659974
-6.0600000000000005,3.2799999999999994,0.9340770846134703,0.9340770846134703
-6.0600000000000005,3.33,0.9219544457292888,0.9219544457292888
-6.110000000000001,3.380000000000001,0.9617692030835672,0.9617692030835672
-6.110000000000001,3.4299999999999997,0.95524865872714,0.95524865872714
-6.110000000000001,3.4800000000000004,0.9513148795220223,0.9513148795220223
-6.16,3.5299999999999994,1.0,1.0
-6.210000000000001,3.58,1.05,1.05
-6.210000000000001,3.630000000000001,1.05,1.05
-6.16,3.6799999999999997,1.0,1.0
-6.16,3.7300000000000004,1.0,1.0
-6.16,3.7799999999999994,1.0012492197250393,1.0012492197250393
-6.110000000000001,3.83,0.95524865872714,0.95524865872714
-6.110000000000001,3.880000000000001,0.9617692030835672,0.9617692030835672
-6.0600000000000005,3.9299999999999997,0.9219544457292888,0.9219544457292888
-6.0600000000000005,3.9800000000000004,0.9340770846134703,0.9340770846134703
-6.0600000000000005,4.029999999999999,0.9486832980505139,0.9486832980505139
-6.010000000000001,4.08,0.9192388155425117,0.9192388155425117
-6.010000000000001,4.130000000000001,0.9394147114027969,0.9394147114027969
-5.960000000000001,4.18,0.9178779875342911,0.9178779875342911
-5.960000000000001,4.23,0.8860022573334675,0.8860022573334675
-5.91,4.279999999999999,0.8514693182963202,0.8514693182963202
-5.860000000000001,4.279999999999999,0.8558621384311845,0.8558621384311845
-5.8100000000000005,4.33,0.8139410298049854,0.8139410298049854
-5.760000000000001,4.33,0.8246211251235321,0.8246211251235321
-5.710000000000001,4.380000000000001,0.7905694150420949,0.7905694150420949
-5.66,4.43,0.7615773105863909,0.7615773105863909
-5.610000000000001,4.43,0.7762087348130012,0.7762087348130012
-5.5600000000000005,4.43,0.7778174593052023,0.7778174593052023
-5.510000000000001,4.48,0.75,0.75
-5.460000000000001,4.529999999999999,0.7000000000000001,0.7000000000000001
-5.41,4.529999999999999,0.7000000000000001,0.7000000000000001
-5.360000000000001,4.529999999999999,0.7000000000000001,0.7000000000000001
-5.3100000000000005,4.529999999999999,0.7000000000000001,0.7000000000000001
-5.260000000000001,4.529999999999999,0.696419413859206,0.696419413859206
-5.210000000000001,4.58,0.65,0.65
-5.16,4.58,0.65,0.65
-5.110000000000001,4.58,0.65,0.65
-5.0600000000000005,4.58,0.65,0.65
-5.010000000000001,4.58,0.65,0.65
-4.960000000000001,4.58,0.65,0.65
-4.910000000000001,4.58,0.65,0.65
-4.86,4.58,0.65,0.65
-4.8100000000000005,4.58,0.65,0.65
-4.760000000000001,4.58,0.65,0.65
-4.710000000000001,4.58,0.65,0.65
-4.660000000000001,4.58,0.65,0.65
-4.61,4.58,0.65,0.65
-4.5600000000000005,4.58,0.65,0.65
-4.510000000000001,4.58,0.65,0.65
-4.460000000000001,4.58,0.65,0.65
-4.410000000000001,4.58,0.632455532033676,0.632455532033676
-4.36,4.58,0.6184658438426491,0.6184658438426491
-4.3100000000000005,4.58,0.608276253029822,0.608276253029822
-4.260000000000001,4.58,0.6020797289396148,0.6020797289396148
-4.210000000000001,4.58,0.6000000000000001,0.6000000000000001
-4.16,4.630000000000001,0.608276253029822,0.608276253029822
-4.11,4.630000000000001,0.6184658438426491,0.6184658438426491
-4.0600000000000005,4.630000000000001,0.632455532033676,0.632455532033676
-4.010000000000001,4.630000000000001,0.65,0.65
-3.960000000000001,4.630000000000001,0.632455532033676,0.632455532033676
-3.91,4.630000000000001,0.6184658438426491,0.6184658438426491
-3.8600000000000003,4.630000000000001,0.608276253029822,0.608276253029822
-3.8100000000000005,4.68,0.6000000000000001,0.6000000000000001
-3.7600000000000007,4.68,0.6000000000000001,0.6000000000000001
-3.710000000000001,4.68,0.6020797289396148,0.6020797289396148
-3.66,4.68,0.608276253029822,0.608276253029822
-3.6100000000000003,4.68,0.6184658438426491,0.6184658438426491
-3.5600000000000005,4.68,0.6184658438426491,0.6184658438426491
-3.5100000000000007,4.68,0.608276253029822,0.608276253029822
-3.460000000000001,4.68,0.6020797289396148,0.6020797289396148
-3.41,4.68,0.6000000000000001,0.6000000000000001
-3.3600000000000003,4.68,0.6000000000000001,0.6000000000000001
-3.3100000000000005,4.68,0.6000000000000001,0.6000000000000001
-3.2600000000000007,4.68,0.6000000000000001,0.6000000000000001
-3.210000000000001,4.68,0.6000000000000001,0.6000000000000001
-3.16,4.68,0.6000000000000001,0.6000000000000001
-3.1100000000000003,4.68,0.6000000000000001,0.6000000000000001
-3.0600000000000005,4.68,0.6000000000000001,0.6000000000000001
-3.0100000000000007,4.73,0.65,0.65
-2.960000000000001,4.73,0.65,0.65
-2.91,4.73,0.65,0.65
-2.8600000000000003,4.73,0.65,0.65
-2.8100000000000005,4.73,0.65,0.65
-2.7600000000000007,4.73,0.632455532033676,0.632455532033676
-2.710000000000001,4.73,0.6184658438426491,0.6184658438426491
-2.66,4.73,0.608276253029822,0.608276253029822
-2.6100000000000003,4.73,0.6020797289396148,0.6020797289396148
-2.5600000000000005,4.73,0.6000000000000001,0.6000000000000001
-2.5100000000000007,4.73,0.6020797289396148,0.6020797289396148
-2.460000000000001,4.780000000000001,0.608276253029822,0.608276253029822
-2.41,4.780000000000001,0.6020797289396148,0.6020797289396148
-2.3600000000000003,4.780000000000001,0.6000000000000001,0.6000000000000001
-2.3100000000000005,4.780000000000001,0.6020797289396148,0.6020797289396148
-2.2600000000000007,4.780000000000001,0.608276253029822,0.608276253029822
-2.210000000000001,4.780000000000001,0.6184658438426491,0.6184658438426491
-2.16,4.780000000000001,0.608276253029822,0.608276253029822
-2.1100000000000003,4.780000000000001,0.6020797289396148,0.6020797289396148
-2.0600000000000005,4.780000000000001,0.6000000000000001,0.6000000000000001
-2.0100000000000007,4.780000000000001,0.6000000000000001,0.6000000000000001
-1.9600000000000009,4.83,0.6000000000000001,0.6000000000000001
-1.9100000000000001,4.83,0.6000000000000001,0.6000000000000001
-1.8600000000000003,4.83,0.6000000000000001,0.6000000000000001
-1.8100000000000005,4.83,0.6000000000000001,0.6000000000000001
-1.7600000000000007,4.83,0.6000000000000001,0.6000000000000001
-1.7100000000000009,4.83,0.6000000000000001,0.6000000000000001
-1.6600000000000001,4.83,0.6000000000000001,0.6000000000000001
-1.6100000000000003,4.83,0.6000000000000001,0.6000000000000001
-1.5600000000000005,4.83,0.6000000000000001,0.6000000000000001
-1.5100000000000007,4.83,0.6000000000000001,0.6000000000000001
-1.4600000000000009,4.83,0.5852349955359814,0.5852349955359814
-1.4100000000000001,4.83,0.570087712549569,0.570087712549569
-1.3600000000000003,4.83,0.5590169943749475,0.5590169943749475
-1.3100000000000005,4.880000000000001,0.6000000000000001,0.6000000000000001
-1.2600000000000007,4.880000000000001,0.6000000000000001,0.6000000000000001
-1.2100000000000009,4.880000000000001,0.6000000000000001,0.6000000000000001
-1.1600000000000001,4.880000000000001,0.6000000000000001,0.6000000000000001
-1.1100000000000003,4.880000000000001,0.5852349955359814,0.5852349955359814
-1.0600000000000005,4.880000000000001,0.570087712549569,0.570087712549569
-1.0100000000000007,4.880000000000001,0.5590169943749475,0.5590169943749475
-0.9600000000000009,4.880000000000001,0.552268050859363,0.552268050859363
-0.9100000000000001,4.880000000000001,0.55,0.55
-0.8600000000000012,4.880000000000001,0.55,0.55
-0.8100000000000005,4.93,0.6000000000000001,0.6000000000000001
-0.7599999999999998,4.93,0.6000000000000001,0.6000000000000001
-0.7100000000000009,4.93,0.6000000000000001,0.6000000000000001
-0.6600000000000001,4.93,0.6000000000000001,0.6000000000000001
-0.6100000000000012,4.93,0.6000000000000001,0.6000000000000001
-0.5600000000000005,4.93,0.6000000000000001,0.6000000000000001
-0.5099999999999998,4.93,0.6000000000000001,0.6000000000000001
-0.46000000000000085,4.93,0.6000000000000001,0.6000000000000001
-0.41000000000000014,4.93,0.5852349955359814,0.5852349955359814
-0.3600000000000012,4.93,0.570087712549569,0.570087712549569
-0.3100000000000005,4.93,0.5590169943749475,0.5590169943749475
-0.2599999999999998,4.93,0.552268050859363,0.552268050859363
-0.21000000000000085,4.93,0.55,0.55
-0.16000000000000014,4.93,0.55,0.55
-0.11000000000000121,4.93,0.55,0.55
-0.0600000000000005,4.93,0.55,0.55
-0.009999999999999787,4.93,0.55,0.55
0.03999999999999915,4.93,0.55,0.55
0.08999999999999986,4.98,0.6000000000000001,0.6000000000000001
0.1399999999999988,4.98,0.6000000000000001,0.6000000000000001
0.1899999999999995,4.98,0.6000000000000001,0.6000000000000001
0.2400000000000002,4.98,0.6000000000000001,0.6000000000000001
0.28999999999999915,4.98,0.5852349955359814,0.5852349955359814
0.33999999999999986,4.98,0.570087712549569,0.570087712549569
0.3899999999999988,4.98,0.5590169943749475,0.5590169943749475
0.4399999999999995,5.030000000000001,0.6000000000000001,0.6000000000000001
0.4900000000000002,5.030000000000001,0.6000000000000001,0.6000000000000001
0.5399999999999991,5.030000000000001,0.6000000000000001,0.6000000000000001
0.5899999999999999,5.030000000000001,0.6000000000000001,0.6000000000000001
0.6400000000000006,5.030000000000001,0.6000000000000001,0.6000000000000001
0.6899999999999995,5.030000000000001,0.5852349955359814,0.5852349955359814
0.7400000000000002,5.030000000000001,0.570087712549569,0.570087712549569
0.7899999999999991,5.030000000000001,0.5590169943749475,0.5590169943749475
0.8399999999999999,5.08,0.6000000000000001,0.6000000000000001
0.8900000000000006,5.08,0.6000000000000001,0.6000000000000001
0.9399999999999995,5.08,0.6000000000000001,0.6000000000000001
0.9900000000000002,5.08,0.6000000000000001,0.6000000000000001
1.0399999999999991,5.08,0.6000000000000001,0.6000000000000001
1.0899999999999999,5.08,0.6000000000000001,0.6000000000000001
1.1400000000000006,5.08,0.6000000000000001,0.6000000000000001
1.1899999999999995,5.08,0.6000000000000001,0.6000000000000001
1.2400000000000002,5.08,0.5852349955359814,0.5852349955359814
1.2899999999999991,5.08,0.570087712549569,0.570087712549569
1.3399999999999999,5.130000000000001,0.6020797289396148,0.6020797289396148
1.3900000000000006,5.130000000000001,0.6020797289396148,0.6020797289396148
1.4399999999999995,5.130000000000001,0.6000000000000001,0.6000000000000001
1.4900000000000002,5.130000000000001,0.6020797289396148,0.6020797289396148
1.5399999999999991,5.130000000000001,0.6000000000000001,0.6000000000000001
1.5899999999999999,5.130000000000001,0.6000000000000001,0.6000000000000001
1.6400000000000006,5.130000000000001,0.6000000000000001,0.6000000000000001
1.6899999999999995,5.130000000000001,0.6000000000000001,0.6000000000000001
1.7400000000000002,5.130000000000001,0.6000000000000001,0.6000000000000001
1.7899999999999991,5.130000000000001,0.6000000000000001,0.6000000000000001
1.8399999999999999,5.130000000000001,0.6000000000000001,0.6000000000000001
1.8900000000000006,5.130000000000001,0.6000000000000001,0.6000000000000001
1.9399999999999995,5.130000000000001,0.6000000000000001,0.6000000000000001
1.9900000000000002,5.18,0.65,0.65
2.039999999999999,5.18,0.65,0.65
2.09,5.18,0.65,0.65
2.1400000000000006,5.18,0.65,0.65
2.1899999999999995,5.18,0.632455532033676,0.632455532033676
2.24,5.18,0.6184658438426491,0.6184658438426491
2.289999999999999,5.18,0.608276253029822,0.608276253029822
2.34,5.18,0.6020797289396148,0.6020797289396148
2.3900000000000006,5.18,0.6000000000000001,0.6000000000000001
2.4399999999999995,5.18,0.6000000000000001,0.6000000000000001
2.49,5.18,0.6020797289396148,0.6020797289396148
2.539999999999999,5.18,0.608276253029822,0.608276253029822
2.59,5.23,0.65,0.65
2.6400000000000006,5.23,0.65,0.65
2.6899999999999995,5.23,0.651920240520265,0.651920240520265
2.74,5.23,0.6576473218982953,0.6576473218982953
2.789999999999999,5.23,0.6576473218982953,0.6576473218982953
2.84,5.23,0.651920240520265,0.651920240520265
2.8900000000000006,5.23,0.65,0.65
2.9399999999999995,5.23,0.651920240520265,0.651920240520265
2.99,5.23,0.6576473218982953,0.6576473218982953
3.039999999999999,5.23,0.6576473218982953,0.6576473218982953
3.09,5.23,0.651920240520265,0.651920240520265
3.1400000000000006,5.23,0.65,0.65
3.1899999999999995,5.23,0.65,0.65
3.24,5.23,0.65,0.65
3.289999999999999,5.23,0.65,0.65
3.34,5.23,0.65,0.65
3.3900000000000006,5.23,0.65,0.65
3.4399999999999995,5.23,0.65,0.65
3.49,5.23,0.651920240520265,0.651920240520265
3.539999999999999,5.23,0.65,0.65
3.59,5.23,0.65,0.65
3.6400000000000006,5.23,0.65,0.65
3.6899999999999995,5.23,0.651920240520265,0.651920240520265
3.74,5.23,0.6576473218982953,0.6576473218982953
3.789999999999999,5.23,0.6670832032063168,0.6670832032063168
3.84,5.23,0.6800735254367722,0.6800735254367722
3.8900000000000006,5.280000000000001,0.7000000000000001,0.7000000000000001
3.9399999999999995,5.280000000000001,0.7000000000000001,0.7000000000000001
3.99,5.280000000000001,0.7000000000000001,0.7000000000000001
4.039999999999999,5.280000000000001,0.7000000000000001,0.7000000000000001
4.09,5.280000000000001,0.7000000000000001,0.7000000000000001
4.140000000000001,5.280000000000001,0.7000000000000001,0.7000000000000001
4.1899999999999995,5.23,0.7000000000000001,0.7000000000000001
4.24,5.23,0.7000000000000001,0.7000000000000001
4.289999999999999,5.23,0.7000000000000001,0.7000000000000001
4.34,5.23,0.7000000000000001,0.7000000000000001
4.390000000000001,5.23,0.7000000000000001,0.7000000000000001
4.4399999999999995,5.23,0.7000000000000001,0.7000000000000001
4.49,5.23,0.7000000000000001,0.7000000000000001
4.539999999999999,5.23,0.70178344238091,0.70178344238091
4.59,5.23,0.7071067811865476,0.7071067811865476
4.640000000000001,5.23,0.7158910531638177,0.7158910531638177
4.6899999999999995,5.23,0.7280109889280518,0.7280109889280518
4.74,5.23,0.7433034373659253,0.7433034373659253
4.789999999999999,5.23,0.75,0.75
4.84,5.23,0.75,0.75
4.890000000000001,5.23,0.75,0.75
4.9399999999999995,5.23,0.75,0.75
4.99,5.23,0.7516648189186454,0.7516648189186454
5.039999999999999,5.23,0.75,0.75
5.09,5.23,0.75,0.75
5.140000000000001,5.23,0.7516648189186454,0.7516648189186454
5.1899999999999995,5.23,0.7566372975210779,0.7566372975210779
5.24,5.23,0.7648529270389178,0.7648529270389178
5.289999999999999,5.23,0.7762087348130012,0.7762087348130012
5.34,5.23,0.7905694150420949,0.7905694150420949
5.390000000000001,5.23,0.8,0.8
5.4399999999999995,5.18,0.8139410298049854,0.8139410298049854
5.49,5.18,0.8246211251235321,0.8246211251235321
5.539999999999999,5.18,0.8381527307120106,0.8381527307120106
5.59,5.18,0.8500000000000001,0.8500000000000001
5.640000000000001,5.18,0.8514693182963202,0.8514693182963202
5.6899999999999995,5.18,0.8558621384311845,0.8558621384311845
5.74,5.18,0.8631338250816034,0.8631338250816034
5.789999999999999,5.18,0.873212459828649,0.873212459828649
5.84,5.18,0.8860022573334675,0.8860022573334675
5.890000000000001,5.18,0.9,0.9
5.9399999999999995,5.18,0.9,0.9
5.99,5.18,0.9,0.9
6.039999999999999,5.18,0.9,0.9
6.09,5.18,0.9,0.9
6.140000000000001,5.130000000000001,0.9500000000000001,0.9500000000000001
6.1899999999999995,5.130000000000001,0.9500000000000001,0.9500000000000001
6.24,5.130000000000001,0.9500000000000001,0.9500000000000001
6.289999999999999,5.130000000000001,0.9500000000000001,0.9500000000000001
6.34,5.130000000000001,0.9500000000000001,0.9500000000000001
6.390000000000001,5.130000000000001,0.9500000000000001,0.9500000000000001
6.4399999999999995,5.130000000000001,0.9500000000000001,0.9500000000000001
6.49,5.130000000000001,0.9500000000000001,0.9500000000000001
6.539999999999999,5.130000000000001,0.9500000000000001,0.9500000000000001
6.59,5.130000000000001,0.9513148795220223,0.9513148795220223
6.640000000000001,5.08,1.004987562112089,1.004987562112089
6.6899999999999995,5.08,1.0111874208078342,1.0111874208078342
6.74,5.08,1.019803902718557,1.019803902718557
6.789999999999999,5.08,1.0307764064044151,1.0307764064044151
6.84,5.030000000000001,1.0920164833920778,1.0920164833920778
6.890000000000001,5.030000000000001,1.104536101718726,1.104536101718726
6.9399999999999995,5.030000000000001,1.110180165558726,1.110180165558726
6.99,5.030000000000001,1.118033988749895,1.118033988749895
7.039999999999999,5.030000000000001,1.1067971810589328,1.1067971810589328
7.09,5.08,1.0920164833920778,1.0920164833920778
7.140000000000001,5.08,1.1,1.1
7.190000000000001,5.08,1.1,1.1
7.239999999999998,5.08,1.1,1.1
7.289999999999999,5.08,1.1,1.1
7.34,5.130000000000001,1.05,1.05
7.390000000000001,5.130000000000001,1.05,1.05
7.440000000000001,5.130000000000001,1.05,1.05
7.489999999999998,5.130000000000001,1.05,1.05
7.539999999999999,5.130000000000001,1.05,1.05
7.59,5.18,1.0,1.0
7.640000000000001,5.18,1.0012492197250393,1.0012492197250393
7.690000000000001,5.18,1.004987562112089,1.004987562112089
7.739999999999998,5.18,1.0111874208078342,1.0111874208078342
7.789999999999999,5.18,1.019803902718557,1.019803902718557
7.84,5.18,1.0307764064044151,1.0307764064044151
7.890000000000001,5.18,1.044030650891055,1.044030650891055
7.940000000000001,5.18,1.05,1.05
7.989999999999998,5.23,1.0012492197250393,1.0012492197250393
8.04,5.23,1.004987562112089,1.004987562112089
8.09,5.23,1.0111874208078342,1.0111874208078342
8.14,5.23,1.019803902718557,1.019803902718557
8.190000000000001,5.23,1.0307764064044151,1.0307764064044151
8.239999999999998,5.23,1.044030650891055,1.044030650891055
8.29,5.23,1.0307764064044151,1.0307764064044151
8.34,5.280000000000001,1.0,1.0
8.39,5.280000000000001,1.0,1.0
8.440000000000001,5.280000000000001,1.0012492197250393,1.0012492197250393
8.489999999999998,5.280000000000001,1.004987562112089,1.004987562112089
8.54,5.280000000000001,1.0111874208078342,1.0111874208078342
8.59,5.280000000000001,1.0111874208078342,1.0111874208078342
8.64,5.280000000000001,1.004987562112089,1.004987562112089
8.690000000000001,5.33,0.9962429422585638,0.9962429422585638
8.739999999999998,5.33,1.0,1.0
8.79,5.33,1.0,1.0
8.84,5.33,1.0,1.0
8.89,5.33,1.0,1.0
8.940000000000001,5.33,0.9962429422585638,0.9962429422585638
8.989999999999998,5.380000000000001,0.9513148795220223,0.9513148795220223
9.04,5.380000000000001,0.9500000000000001,0.9500000000000001
9.09,5.380000000000001,0.9500000000000001,0.9500000000000001
9.14,5.380000000000001,0.9513148795220223,0.9513148795220223
9.190000000000001,5.380000000000001,0.9500000000000001,0.9500000000000001
9.239999999999998,5.43,0.9,0.9
9.29,5.43,0.9013878188659974,0.9013878188659974
9.34,5.43,0.9,0.9
9.39,5.43,0.9,0.9
9.440000000000001,5.43,0.9013878188659974,0.9013878188659974
9.489999999999998,5.43,0.9,0.9
9.54,5.43,0.9,0.9
9.59,5.43,0.9,0.9
9.64,5.43,0.9,0.9
9.690000000000001,5.48,0.8500000000000001,0.8500000000000001
9.739999999999998,5.48,0.8500000000000001,0.8500000000000001
9.79,5.48,0.8500000000000001,0.8500000000000001
9.84,5.48,0.8500000000000001,0.8500000000000001
9.89,5.48,0.8500000000000001,0.8500000000000001
9.940000000000001,5.48,0.8500000000000001,0.8500000000000001
9.989999999999998,5.48,0.8500000000000001,0.8500000000000001
10.04,5.48,0.8500000000000001,0.8500000000000001
10.09,5.48,0.8500000000000001,0.8500000000000001
10.14,5.48,0.8500000000000001,0.8500000000000001
10.190000000000001,5.48,0.8500000000000001,0.8500000000000001
10.240000000000002,5.48,0.8500000000000001,0.8500000000000001
10.29,5.48,0.8500000000000001,0.8500000000000001
10.34,5.48,0.8381527307120106,0.8381527307120106
10.39,5.48,0.8246211251235321,0.8246211251235321
10.440000000000001,5.530000000000001,0.8,0.8
10.490000000000002,5.530000000000001,0.8,0.8
10.54,5.530000000000001,0.8,0.8
10.59,5.530000000000001,0.8,0.8
10.64,5.530000000000001,0.8,0.8
10.690000000000001,5.530000000000001,0.8,0.8
10.740000000000002,5.530000000000001,0.8,0.8
10.79,5.530000000000001,0.8,0.8
10.84,5.530000000000001,0.8,0.8
10.89,5.530000000000001,0.8,0.8
10.940000000000001,5.58,0.75,0.75
10.990000000000002,5.58,0.75,0.75
11.04,5.58,0.75,0.75
11.09,5.58,0.75,0.75
11.14,5.58,0.75,0.75
11.190000000000001,5.58,0.7516648189186454,0.7516648189186454
11.240000000000002,5.58,0.75,0.75
11.29,5.58,0.75,0.75
11.34,5.58,0.75,0.75
11.39,5.58,0.7516648189186454,0.7516648189186454
11.440000000000001,5.58,0.75,0.75
11.490000000000002,5.58,0.75,0.75
11.54,5.58,0.75,0.75
11.59,5.58,0.75,0.75
11.64,5.58,0.75,0.75
11.690000000000001,5.58,0.75,0.75
11.740000000000002,5.630000000000001,0.75,0.75
11.79,5.630000000000001,0.75,0.75
11.84,5.630000000000001,0.75,0.75
11.89,5.630000000000001,0.75,0.75
11.940000000000001,5.68,0.7000000000000001,0.7000000000000001
11.990000000000002,5.68,0.7000000000000001,0.7000000000000001
12.04,5.68,0.7000000000000001,0.7000000000000001
12.09,5.68,0.7000000000000001,0.7000000000000001
12.14,5.68,0.7000000000000001,0.7000000000000001
12.190000000000001,5.68,0.7000000000000001,0.7000000000000001
12.240000000000002,5.68,0.7000000000000001,0.7000000000000001
12.29,5.68,0.70178344238091,0.70178344238091
12.34,5.68,0.696419413859206,0.696419413859206
12.39,5.68,0.6800735254367722,0.6800735254367722
12.440000000000001,5.68,0.6670832032063168,0.6670832032063168
12.490000000000002,5.68,0.6576473218982953,0.6576473218982953
12.54,5.68,0.651920240520265,0.651920240520265
12.59,5.68,0.65,0.65
12.64,5.68,0.65,0.65
12.690000000000001,5.68,0.65,0.65
12.740000000000002,5.68,0.65,0.65
12.79,5.68,0.651920240520265,0.651920240520265
12.84,5.68,0.6576473218982953,0.6576473218982953
12.89,5.68,0.6670832032063168,0.6670832032063168
12.940000000000001,5.73,0.7000000000000001,0.7000000000000001
12.990000000000002,5.73,0.7000000000000001,0.7000000000000001
13.04,5.73,0.70178344238091,0.70178344238091
13.09,5.73,0.7071067811865476,0.7071067811865476
13.14,5.73,0.7158910531638177,0.7158910531638177
13.190000000000001,5.73,0.7280109889280518,0.7280109889280518
13.240000000000002,5.73,0.7433034373659253,0.7433034373659253
13.29,5.68,0.70178344238091,0.70178344238091
13.34,5.68,0.7071067811865476,0.7071067811865476
13.39,5.68,0.7158910531638177,0.7158910531638177
13.440000000000001,5.68,0.7280109889280518,0.7280109889280518
13.490000000000002,5.68,0.7433034373659253,0.7433034373659253
13.54,5.73,0.8,0.8
13.59,5.73,0.8,0.8
13.64,5.73,0.8,0.8
13.690000000000001,5.73,0.8,0.8
13.740000000000002,5.73,0.8,0.8
13.79,5.73,0.8,0.8
13.84,5.73,0.8,0.8
13.89,5.73,0.8,0.8
13.940000000000001,5.73,0.8,0.8
13.990000000000002,5.68,0.8500000000000001,0.8500000000000001
14.04,5.68,0.8500000000000001,0.8500000000000001
14.09,5.68,0.8500000000000001,0.8500000000000001
14.14,5.630000000000001,0.9,0.9
14.190000000000001,5.630000000000001,0.9,0.9
14.240000000000002,5.630000000000001,0.9,0.9
14.29,5.58,0.9340770846134703,0.9340770846134703
14.34,5.58,0.9219544457292888,0.9219544457292888
14.39,5.58,0.912414379544733,0.912414379544733
14.440000000000001,5.58,0.9055385138137417,0.9055385138137417
14.490000000000002,5.530000000000001,0.9513148795220223,0.9513148795220223
14.54,5.48,0.9962429422585638,0.9962429422585638
14.59,5.48,0.982344135219425,0.982344135219425
14.64,5.48,0.97082439194738,0.97082439194738
14.690000000000001,5.43,1.0111874208078342,1.0111874208078342
14.740000000000002,5.43,1.004987562112089,1.004987562112089
14.79,5.43,1.0012492197250393,1.0012492197250393
14.84,5.380000000000001,1.044030650891055,1.044030650891055
14.89,5.33,1.0793516572461452,1.0793516572461452
14.940000000000001,5.280000000000001,1.118033988749895,1.118033988749895
14.990000000000002,5.280000000000001,1.110180165558726,1.110180165558726
15.04,5.23,1.1412712210513327,1.1412712210513327
15.09,5.18,1.1629703349613008,1.1629703349613008
15.14,5.130000000000001,1.1884864324004714,1.1884864324004714
15.190000000000001,5.08,1.2020815280171309,1.2020815280171309
15.240000000000002,5.030000000000001,1.2020815280171309,1.2020815280171309
15.29,4.98,1.1926860441876563,1.1926860441876563
15.34,4.93,1.1800423721205948,1.1800423721205948
15.34,4.880000000000001,1.1672617529928753,1.1672617529928753
15.39,4.83,1.1715374513859982,1.1715374513859982
15.440000000000001,4.780000000000001,1.1800423721205948,1.1800423721205948
15.490000000000002,4.73,1.1926860441876563,1.1926860441876563
15.490000000000002,4.68,1.1661903789690602,1.1661903789690602
15.54,4.630000000000001,1.1853269591129698,1.1853269591129698
15.54,4.58,1.1629703349613008,1.1629703349613008
15.59,4.529999999999999,1.1853269591129698,1.1853269591129698
15.59,4.48,1.1629703349613008,1.1629703349613008
15.64,4.43,1.1853269591129698,1.1853269591129698
15.64,4.380000000000001,1.1629703349613008,1.1629703349613008
15.690000000000001,4.33,1.1853269591129698,1.1853269591129698
15.690000000000001,4.279999999999999,1.1629703349613008,1.1629703349613008
15.690000000000001,4.23,1.1423659658795864,1.1423659658795864
15.740000000000002,4.18,1.1704699910719627,1.1704699910719627
15.740000000000002,4.130000000000001,1.1543396380615196,1.1543396380615196
15.740000000000002,4.08,1.140175425099138,1.140175425099138
15.79,4.029999999999999,1.176860229593982,1.176860229593982
15.79,3.9800000000000004,1.1672617529928753,1.1672617529928753
15.79,3.9299999999999997,1.1543396380615196,1.1543396380615196
15.84,3.880000000000001,1.1672617529928753,1.1672617529928753
15.84,3.83,1.1704699910719627,1.1704699910719627
15.84,3.7799999999999994,1.1543396380615196,1.1543396380615196
15.84,3.7300000000000004,1.140175425099138,1.140175425099138
15.89,3.6799999999999997,1.1543396380615196,1.1543396380615196
15.89,3.630000000000001,1.1597413504743201,1.1597413504743201
15.89,3.58,1.1543396380615196,1.1543396380615196
15.940000000000001,3.5299999999999994,1.1280514172678477,1.1280514172678477
15.940000000000001,3.4800000000000004,1.140175425099138,1.140175425099138
15.940000000000001,3.4299999999999997,1.1500000000000001,1.1500000000000001
15.940000000000001,3.380000000000001,1.1510864433221337,1.1510864433221337
15.940000000000001,3.33,1.140175425099138,1.140175425099138
15.940000000000001,3.2799999999999994,1.1280514172678477,1.1280514172678477
15.990000000000002,3.2300000000000004,1.118033988749895,1.118033988749895
15.990000000000002,3.1799999999999997,1.1280514172678477,1.1280514172678477
15.990000000000002,3.13,1.140175425099138,1.140175425099138
15.990000000000002,3.08,1.1236102527122116,1.1236102527122116
15.990000000000002,3.0300000000000002,1.1067971810589328,1.1067971810589328
15.990000000000002,2.9800000000000004,1.0920164833920778,1.0920164833920778
16.04,2.9299999999999997,1.110180165558726,1.110180165558726
16.04,2.88,1.118033988749895,1.118033988749895
16.04,2.83,1.110180165558726,1.110180165558726
16.04,2.7800000000000002,1.104536101718726,1.104536101718726
16.04,2.7300000000000004,1.101135777277262,1.101135777277262
16.04,2.6799999999999997,1.1,1.1
16.04,2.63,1.0920164833920778,1.0920164833920778
16.04,2.58,1.0793516572461452,1.0793516572461452
16.04,2.5300000000000002,1.0688779163215976,1.0688779163215976
16.04,2.4800000000000004,1.0606601717798214,1.0606601717798214
16.04,2.4299999999999997,1.0547511554864495,1.0547511554864495
16.04,2.38,1.051189802081432,1.051189802081432
16.04,2.33,1.05,1.05
16.04,2.2800000000000002,1.05,1.05
16.04,2.2300000000000004,1.05,1.05
16.09,2.1799999999999997,1.1,1.1
16.09,2.13,1.1,1.1
16.09,2.08,1.1,1.1
16.09,2.0300000000000002,1.1,1.1
16.09,1.9800000000000004,1.1,1.1
16.09,1.9299999999999997,1.1,1.1
16.09,1.88,1.101135777277262,1.101135777277262
16.09,1.83,1.1,1.1
16.09,1.7800000000000002,1.101135777277262,1.101135777277262
16.09,1.7300000000000004,1.104536101718726,1.104536101718726
16.09,1.6799999999999997,1.110180165558726,1.110180165558726
16.09,1.63,1.118033988749895,1.118033988749895
16.09,1.58,1.1280514172678477,1.1280514172678477
16.09,1.5300000000000002,1.140175425099138,1.140175425099138
16.04,1.4800000000000004,1.104536101718726,1.104536101718726
16.04,1.4299999999999997,1.110180165558726,1.110180165558726
16.04,1.38,1.118033988749895,1.118033988749895
16.04,1.33,1.1280514172678477,1.1280514172678477
16.04,1.2800000000000002,1.140175425099138,1.140175425099138
16.04,1.2300000000000004,1.1543396380615196,1.1543396380615196
16.04,1.1799999999999997,1.1543396380615196,1.1543396380615196
16.04,1.13,1.1510864433221337,1.1510864433221337
16.04,1.08,1.1500000000000001,1.1500000000000001
16.04,1.0300000000000002,1.1500000000000001,1.1500000000000001
15.990000000000002,0.9800000000000004,1.1884864324004714,1.1884864324004714
15.990000000000002,0.9299999999999997,1.1884864324004714,1.1884864324004714
15.990000000000002,0.8799999999999999,1.176860229593982,1.176860229593982
15.990000000000002,0.8300000000000001,1.1672617529928753,1.1672617529928753
15.940000000000001,0.7800000000000002,1.2093386622447824,1.2093386622447824
15.940000000000001,0.7300000000000004,1.2020815280171309,1.2020815280171309
15.940000000000001,0.6799999999999997,1.1884864324004714,1.1884864324004714
15.89,0.6299999999999999,1.2257650672131264,1.2257650672131264
15.89,0.5800000000000001,1.216552506059644,1.216552506059644
15.84,0.5300000000000002,1.2589678312014172,1.2589678312014172
15.84,0.4800000000000004,1.25,1.25
15.79,0.4299999999999997,1.2816005617976298,1.2816005617976298
15.740000000000002,0.3799999999999999,1.2747548783981963,1.2747548783981963
15.740000000000002,0.33000000000000007,1.2971121771072847,1.2971121771072847
15.690000000000001,0.28000000000000025,1.2776932339180638,1.2776932339180638
15.64,0.23000000000000043,1.2619429464123963,1.2619429464123963
15.59,0.17999999999999972,1.2349089035228469,1.2349089035228469
15.54,0.1299999999999999,1.2083045973594573,1.2083045973594573
15.490000000000002,0.08000000000000007,1.1853269591129698,1.1853269591129698
15.440000000000001,0.03000000000000025,1.1661903789690602,1.1661903789690602
15.39,0.03000000000000025,1.1926860441876563,1.1926860441876563
15.34,-0.019999999999999574,1.1800423721205948,1.1800423721205948
15.29,-0.07000000000000028,1.1715374513859982,1.1715374513859982
15.240000000000002,-0.1200000000000001,1.1672617529928753,1.1672617529928753
15.190000000000001,-0.1200000000000001,1.1672617529928753,1.1672617529928753
15.14,-0.16999999999999993,1.1672617529928753,1.1672617529928753
15.09,-0.21999999999999975,1.1672617529928753,1.1672617529928753
15.04,-0.27000000000000046,1.1629703349613008,1.1629703349613008
14.990000000000002,-0.3200000000000003,1.140175425099138,1.140175425099138
14.940000000000001,-0.3700000000000001,1.1067971810589328,1.1067971810589328
14.89,-0.3700000000000001,1.1236102527122116,1.1236102527122116
14.84,-0.41999999999999993,1.0920164833920778,1.0920164833920778
14.79,-0.41999999999999993,1.1067971810589328,1.1067971810589328
14.740000000000002,-0.46999999999999975,1.0770329614269007,1.0770329614269007
14.690000000000001,-0.46999999999999975,1.0920164833920778,1.0920164833920778
14.64,-0.5200000000000005,1.0594810050208545,1.0594810050208545
14.59,-0.5200000000000005,1.0770329614269007,1.0770329614269007
14.54,-0.5700000000000003,1.044030650891055,1.044030650891055
14.490000000000002,-0.5700000000000003,1.0594810050208545,1.0594810050208545
14.440000000000001,-0.6200000000000001,1.0307764064044151,1.0307764064044151
14.39,-0.6200000000000001,1.044030650891055,1.044030650891055
14.34,-0.6699999999999999,1.0124228365658294,1.0124228365658294
14.29,-0.6699999999999999,1.0307764064044151,1.0307764064044151
14.240000000000002,-0.7199999999999998,0.9962429422585638,0.9962429422585638
14.190000000000001,-0.7199999999999998,1.0124228365658294,1.0124228365658294
14.14,-0.7700000000000005,0.9848857801796105,0.9848857801796105
14.09,-0.7700000000000005,1.0062305898749055,1.0062305898749055
14.04,-0.8200000000000003,0.9861541461658011,0.9861541461658011
13.990000000000002,-0.8200000000000003,1.0124228365658294,1.0124228365658294
13.940000000000001,-0.8200000000000003,1.0062305898749055,1.0062305898749055
13.89,-0.8700000000000001,1.0124228365658294,1.0124228365658294
13.84,-0.9199999999999999,0.982344135219425,0.982344135219425
13.79,-0.9199999999999999,0.9962429422585638,0.9962429422585638
13.740000000000002,-0.9700000000000002,0.9656603957913984,0.9656603957913984
13.690000000000001,-0.9700000000000002,0.9848857801796105,0.9848857801796105
13.64,-0.9700000000000002,0.9848857801796105,0.9848857801796105
13.59,-1.02,0.982344135219425,0.982344135219425
13.54,-1.02,0.9848857801796105,0.9848857801796105
13.490000000000002,-1.02,0.9656603957913984,0.9656603957913984
13.440000000000001,-1.0700000000000003,0.9617692030835672,0.9617692030835672
13.39,-1.0700000000000003,0.97082439194738,0.97082439194738
13.34,-1.12,0.9340770846134703,0.9340770846134703
13.29,-1.12,0.9486832980505139,0.9486832980505139
13.240000000000002,-1.12,0.9656603957913984,0.9656603957913984
13.190000000000001,-1.17,0.9394147114027969,0.9394147114027969
13.14,-1.17,0.9617692030835672,0.9617692030835672
13.09,-1.17,0.97082439194738,0.97082439194738
13.04,-1.17,0.9617692030835672,0.9617692030835672
12.990000000000002,-1.2200000000000002,0.9486832980505139,0.9486832980505139
12.940000000000001,-1.2200000000000002,0.95524865872714,0.95524865872714
12.89,-1.2200000000000002,0.9486832980505139,0.9486832980505139
12.84,-1.27,0.9219544457292888,0.9219544457292888
12.79,-1.27,0.9340770846134703,0.9340770846134703
12.740000000000002,-1.27,0.9486832980505139,0.9486832980505139
12.690000000000001,-1.27,0.9486832980505139,0.9486832980505139
12.64,-1.3200000000000003,0.9219544457292888,0.9219544457292888
12.59,-1.3200000000000003,0.9340770846134703,0.9340770846134703
12.54,-1.3200000000000003,0.9486832980505139,0.9486832980505139
12.490000000000002,-1.37,0.9192388155425117,0.9192388155425117
12.440000000000001,-1.37,0.9340770846134703,0.9340770846134703
12.39,-1.37,0.9486832980505139,0.9486832980505139
12.34,-1.42,0.912414379544733,0.912414379544733
12.29,-1.42,0.9219544457292888,0.9219544457292888
12.240000000000002,-1.42,0.9340770846134703,0.9340770846134703
12.190000000000001,-1.42,0.9486832980505139,0.9486832980505139
12.14,-1.4700000000000002,0.912414379544733,0.912414379544733
12.09,-1.4700000000000002,0.9219544457292888,0.9219544457292888
12.04,-1.4700000000000002,0.9340770846134703,0.9340770846134703
11.990000000000002,-1.52,0.9013878188659974,0.9013878188659974
11.940000000000001,-1.52,0.9192388155425117,0.9192388155425117
11.89,-1.52,0.9394147114027969,0.9394147114027969
11.84,-1.5700000000000003,0.912414379544733,0.912414379544733
11.79,-1.5700000000000003,0.9219544457292888,0.9219544457292888
11.740000000000002,-1.5700000000000003,0.9340770846134703,0.9340770846134703
11.690000000000001,-1.5700000000000003,0.9192388155425117,0.9192388155425117
11.64,-1.62,0.912414379544733,0.912414379544733
11.59,-1.62,0.9219544457292888,0.9219544457292888
11.54,-1.67,0.8860022573334675,0.8860022573334675
11.490000000000002,-1.67,0.9,0.9
11.440000000000001,-1.67,0.9,0.9
11.39,-1.67,0.9,0.9
11.34,-1.7200000000000002,0.8500000000000001,0.8500000000000001
11.29,-1.7200000000000002,0.8514693182963202,0.8514693182963202
11.240000000000002,-1.7200000000000002,0.8558621384311845,0.8558621384311845
11.190000000000001,-1.7200000000000002,0.8631338250816034,0.8631338250816034
11.14,-1.77,0.8246211251235321,0.8246211251235321
11.09,-1.77,0.8381527307120106,0.8381527307120106
11.04,-1.77,0.8500000000000001,0.8500000000000001
10.990000000000002,-1.77,0.8500000000000001,0.8500000000000001
10.940000000000001,-1.77,0.8500000000000001,0.8500000000000001
10.89,-1.8200000000000003,0.8,0.8
10.84,-1.8200000000000003,0.8015609770940699,0.8015609770940699
10.79,-1.8200000000000003,0.8,0.8
10.740000000000002,-1.8200000000000003,0.8015609770940699,0.8015609770940699
10.690000000000001,-1.8200000000000003,0.8062257748298549,0.8062257748298549
10.64,-1.87,0.7648529270389178,0.7648529270389178
10.59,-1.87,0.7762087348130012,0.7762087348130012
10.54,-1.87,0.7905694150420949,0.7905694150420949
10.490000000000002,-1.87,0.8,0.8
10.440000000000001,-1.87,0.8015609770940699,0.8015609770940699
10.39,-1.87,0.8062257748298549,0.8062257748298549
10.34,-1.87,0.8139410298049854,0.8139410298049854
10.29,-1.87,0.8246211251235321,0.8246211251235321
10.240000000000002,-1.87,0.8139410298049854,0.8139410298049854
10.190000000000001,-1.87,0.8062257748298549,0.8062257748298549
10.14,-1.87,0.8015609770940699,0.8015609770940699
10.09,-1.87,0.8,0.8
10.04,-1.87,0.8,0.8
9.989999999999998,-1.92,0.8500000000000001,0.8500000000000001
9.940000000000001,-1.92,0.8500000000000001,0.8500000000000001
9.89,-1.92,0.8500000000000001,0.8500000000000001
9.84,-1.92,0.8500000000000001,0.8500000000000001
9.79,-1.92,0.8500000000000001,0.8500000000000001
9.739999999999998,-1.92,0.8500000000000001,0.8500000000000001
9.690000000000001,-1.9700000000000002,0.8139410298049854,0.8139410298049854
9.64,-1.9700000000000002,0.8246211251235321,0.8246211251235321
9.59,-1.9700000000000002,0.8381527307120106,0.8381527307120106
9.54,-1.9700000000000002,0.8544003745317531,0.8544003745317531
9.489999999999998,-1.9700000000000002,0.8514693182963202,0.8514693182963202
9.440000000000001,-2.02,0.8246211251235321,0.8246211251235321
9.39,-2.02,0.8381527307120106,0.8381527307120106
9.34,-2.02,0.8514693182963202,0.8514693182963202
9.29,-2.02,0.8500000000000001,0.8500000000000001
9.239999999999998,-2.02,0.8514693182963202,0.8514693182963202
9.190000000000001,-2.02,0.8514693182963202,0.8514693182963202
9.14,-2.0700000000000003,0.8139410298049854,0.8139410298049854
9.09,-2.0700000000000003,0.8246211251235321,0.8246211251235321
9.04,-2.0700000000000003,0.8381527307120106,0.8381527307120106
8.989999999999998,-2.0700000000000003,0.8500000000000001,0.8500000000000001
8.940000000000001,-2.0700000000000003,0.8514693182963202,0.8514693182963202
8.89,-2.0700000000000003,0.8500000000000001,0.8500000000000001
8.84,-2.0700000000000003,0.8381527307120106,0.8381527307120106
8.79,-2.0700000000000003,0.8246211251235321,0.8246211251235321
8.739999999999998,-2.0700000000000003,0.8139410298049854,0.8139410298049854
8.690000000000001,-2.0700000000000003,0.8062257748298549,0.8062257748298549
8.64,-2.12,0.8514693182963202,0.8514693182963202
8.59,-2.12,0.8500000000000001,0.8500000000000001
8.54,-2.12,0.8500000000000001,0.8500000000000001
8.489999999999998,-2.12,0.8514693182963202,0.8514693182963202
8.440000000000001,-2.17,0.8500000000000001,0.8500000000000001
8.39,-2.17,0.8514693182963202,0.8514693182963202
8.34,-2.22,0.8062257748298549,0.8062257748298549
8.29,-2.22,0.8139410298049854,0.8139410298049854
8.239999999999998,-2.22,0.8246211251235321,0.8246211251235321
8.190000000000001,-2.22,0.8381527307120106,0.8381527307120106
8.14,-2.22,0.8500000000000001,0.8500000000000001
8.09,-2.27,0.8,0.8
8.04,-2.27,0.8015609770940699,0.8015609770940699
7.989999999999998,-2.27,0.8062257748298549,0.8062257748298549
7.940000000000001,-2.27,0.8139410298049854,0.8139410298049854
7.890000000000001,-2.3200000000000003,0.7762087348130012,0.7762087348130012
7.84,-2.3200000000000003,0.7905694150420949,0.7905694150420949
7.789999999999999,-2.3200000000000003,0.8,0.8
7.739999999999998,-2.37,0.75,0.75
7.690000000000001,-2.37,0.7516648189186454,0.7516648189186454
7.640000000000001,-2.37,0.7566372975210779,0.7566372975210779
7.59,-2.37,0.7648529270389178,0.7648529270389178
7.539999999999999,-2.42,0.7280109889280518,0.7280109889280518
7.489999999999998,-2.42,0.7433034373659253,0.7433034373659253
7.440000000000001,-2.42,0.75,0.75
7.390000000000001,-2.42,0.75,0.75
7.34,-2.42,0.75,0.75
7.289999999999999,-2.42,0.75,0.75
7.239999999999998,-2.47,0.70178344238091,0.70178344238091
7.190000000000001,-2.47,0.7071067811865476,0.7071067811865476
7.140000000000001,-2.47,0.7158910531638177,0.7158910531638177
7.09,-2.47,0.7280109889280518,0.7280109889280518
7.039999999999999,-2.47,0.7433034373659253,0.7433034373659253
6.99,-2.47,0.7433034373659253,0.7433034373659253
6.9399999999999995,-2.47,0.7280109889280518,0.7280109889280518
6.890000000000001,-2.52,0.70178344238091,0.70178344238091
6.84,-2.52,0.7071067811865476,0.7071067811865476
6.789999999999999,-2.52,0.7158910531638177,0.7158910531638177
6.74,-2.52,0.7280109889280518,0.7280109889280518
6.6899999999999995,-2.5700000000000003,0.696419413859206,0.696419413859206
6.640000000000001,-2.5700000000000003,0.7000000000000001,0.7000000000000001
6.59,-2.5700000000000003,0.7000000000000001,0.7000000000000001
6.539999999999999,-2.5700000000000003,0.70178344238091,0.70178344238091
6.49,-2.5700000000000003,0.7071067811865476,0.7071067811865476
6.4399999999999995,-2.62,0.6670832032063168,0.6670832032063168
6.390000000000001,-2.62,0.6800735254367722,0.6800735254367722
6.34,-2.62,0.696419413859206,0.696419413859206
6.289999999999999,-2.62,0.7000000000000001,0.7000000000000001
6.24,-2.62,0.7000000000000001,0.7000000000000001
6.1899999999999995,-2.62,0.696419413859206,0.696419413859206
6.140000000000001,-2.6700000000000004,0.6576473218982953,0.6576473218982953
6.09,-2.6700000000000004,0.6670832032063168,0.6670832032063168
6.039999999999999,-2.6700000000000004,0.6800735254367722,0.6800735254367722
5.99,-2.6700000000000004,0.696419413859206,0.696419413859206
5.9399999999999995,-2.72,0.65,0.65
5.890000000000001,-2.72,0.65,0.65
5.84,-2.72,0.651920240520265,0.651920240520265
5.789999999999999,-2.72,0.651920240520265,0.651920240520265
5.74,-2.77,0.6000000000000001,0.6000000000000001
5.6899999999999995,-2.77,0.6020797289396148,0.6020797289396148
5.640000000000001,-2.77,0.608276253029822,0.608276253029822
5.59,-2.77,0.6184658438426491,0.6184658438426491
5.539999999999999,-2.77,0.632455532033676,0.632455532033676
5.49,-2.77,0.65,0.65
5.4399999999999995,-2.77,0.65,0.65
5.390000000000001,-2.77,0.651920240520265,0.651920240520265
5.34,-2.8200000000000003,0.608276253029822,0.608276253029822
5.289999999999999,-2.8200000000000003,0.6184658438426491,0.6184658438426491
5.24,-2.8200000000000003,0.632455532033676,0.632455532033676
5.1899999999999995,-2.8200000000000003,0.65,0.65
5.140000000000001,-2.8200000000000003,0.632455532033676,0.632455532033676
5.09,-2.8200000000000003,0.6184658438426491,0.6184658438426491
5.039999999999999,-2.8200000000000003,0.608276253029822,0.608276253029822
4.99,-2.87,0.6000000000000001,0.6000000000000001
4.9399999999999995,-2.87,0.6020797289396148,0.6020797289396148
4.890000000000001,-2.87,0.608276253029822,0.608276253029822
4.84,-2.87,0.6184658438426491,0.6184658438426491
4.789999999999999,-2.87,0.632455532033676,0.632455532033676
4.74,-2.92,0.6000000000000001,0.6000000000000001
4.6899999999999995,-2.92,0.6000000000000001,0.6000000000000001
4.640000000000001,-2.92,0.6000000000000001,0.6000000000000001
4.59,-2.92,0.6000000000000001,0.6000000000000001
4.539999999999999,-2.92,0.6000000000000001,0.6000000000000001
4.49,-2.97,0.55,0.55
4.4399999999999995,-2.97,0.552268050859363,0.552268050859363
4.390000000000001,-2.97,0.5590169943749475,0.5590169943749475
4.34,-2.97,0.570087712549569,0.570087712549569
4.289999999999999,-2.97,0.5852349955359814,0.5852349955359814
4.24,-2.97,0.6000000000000001,0.6000000000000001
4.1899999999999995,-2.97,0.6000000000000001,0.6000000000000001
4.140000000000001,-2.97,0.5852349955359814,0.5852349955359814
4.09,-3.0200000000000005,0.552268050859363,0.552268050859363
4.039999999999999,-3.0200000000000005,0.5590169943749475,0.5590169943749475
3.99,-3.0200000000000005,0.570087712549569,0.570087712549569
3.9399999999999995,-3.0200000000000005,0.5852349955359814,0.5852349955359814
3.8900000000000006,-3.0200000000000005,0.6000000000000001,0.6000000000000001
3.84,-3.0200000000000005,0.6000000000000001,0.6000000000000001
3.789999999999999,-3.0200000000000005,0.6000000000000001,0.6000000000000001
3.74,-3.0700000000000003,0.5590169943749475,0.5590169943749475
3.6899999999999995,-3.0700000000000003,0.570087712549569,0.570087712549569
3.6400000000000006,-3.0700000000000003,0.5852349955359814,0.5852349955359814
3.59,-3.0700000000000003,0.6000000000000001,0.6000000000000001
3.539999999999999,-3.0700000000000003,0.6000000000000001,0.6000000000000001
3.49,-3.0700000000000003,0.6000000000000001,0.6000000000000001
3.4399999999999995,-3.12,0.5590169943749475,0.5590169943749475
3.3900000000000006,-3.12,0.570087712549569,0.570087712549569
3.34,-3.12,0.5852349955359814,0.5852349955359814
3.289999999999999,-3.12,0.6000000000000001,0.6000000000000001
3.24,-3.12,0.6000000000000001,0.6000000000000001
3.1899999999999995,-3.12,0.6000000000000001,0.6000000000000001
3.1400000000000006,-3.17,0.55,0.55
3.09,-3.17,0.552268050859363,0.552268050859363
3.039999999999999,-3.17,0.5590169943749475,0.5590169943749475
2.99,-3.17,0.570087712549569,0.570087712549569
2.9399999999999995,-3.17,0.5590169943749475,0.5590169943749475
2.8900000000000006,-3.17,0.552268050859363,0.552268050859363
2.84,-3.17,0.55,0.55
2.789999999999999,-3.17,0.55,0.55
2.74,-3.17,0.552268050859363,0.552268050859363
2.6899999999999995,-3.17,0.552268050859363,0.552268050859363
2.6400000000000006,-3.17,0.55,0.55
2.59,-3.22,0.5385164807134504,0.5385164807134504
2.539999999999999,-3.22,0.552268050859363,0.552268050859363
2.49,-3.22,0.5590169943749475,0.5590169943749475
2.4399999999999995,-3.22,0.570087712549569,0.570087712549569
2.3900000000000006,-3.22,0.5590169943749475,0.5590169943749475
2.34,-3.22,0.552268050859363,0.552268050859363
2.289999999999999,-3.2700000000000005,0.5590169943749475,0.5590169943749475
2.24,-3.2700000000000005,0.570087712549569,0.570087712549569
2.1899999999999995,-3.2700000000000005,0.5852349955359814,0.5852349955359814
2.1400000000000006,-3.2700000000000005,0.570087712549569,0.570087712549569
2.09,-3.3200000000000003,0.55,0.55
2.039999999999999,-3.3200000000000003,0.55,0.55
1.9900000000000002,-3.3200000000000003,0.552268050859363,0.552268050859363
1.9399999999999995,-3.3200000000000003,0.5590169943749475,0.5590169943749475
1.8900000000000006,-3.37,0.5220153254455275,0.5220153254455275
1.8399999999999999,-3.37,0.5385164807134504,0.5385164807134504
1.7899999999999991,-3.37,0.55,0.55
1.7400000000000002,-3.37,0.55,0.55
1.6899999999999995,-3.37,0.552268050859363,0.552268050859363
1.6400000000000006,-3.37,0.552268050859363,0.552268050859363
1.5899999999999999,-3.37,0.55,0.55
1.5399999999999991,-3.37,0.55,0.55
1.4900000000000002,-3.37,0.55,0.55
1.4399999999999995,-3.42,0.552268050859363,0.552268050859363
1.3900000000000006,-3.42,0.55,0.55
1.3399999999999999,-3.42,0.552268050859363,0.552268050859363
1.2899999999999991,-3.42,0.5590169943749475,0.5590169943749475
1.2400000000000002,-3.42,0.5590169943749475,0.5590169943749475
1.1899999999999995,-3.47,0.5385164807134504,0.5385164807134504
1.1400000000000006,-3.47,0.55,0.55
1.0899999999999999,-3.47,0.55,0.55
1.0399999999999991,-3.47,0.55,0.55
0.9900000000000002,-3.47,0.552268050859363,0.552268050859363
0.9399999999999995,-3.47,0.552268050859363,0.552268050859363
0.8900000000000006,-3.47,0.55,0.55
0.8399999999999999,-3.47,0.552268050859363,0.552268050859363
0.7899999999999991,-3.47,0.55,0.55
0.7400000000000002,-3.47,0.552268050859363,0.552268050859363
0.6899999999999995,-3.47,0.552268050859363,0.552268050859363
0.6400000000000006,-3.47,0.5385164807134504,0.5385164807134504
0.5899999999999999,-3.47,0.5220153254455275,0.5220153254455275
0.5399999999999991,-3.47,0.5099019513592785,0.5099019513592785
0.4900000000000002,-3.42,0.552268050859363,0.552268050859363
0.4399999999999995,-3.42,0.55,0.55
0.3899999999999988,-3.42,0.55,0.55
0.33999999999999986,-3.37,0.5852349955359814,0.5852349955359814
0.28999999999999915,-3.37,0.570087712549569,0.570087712549569
0.2400000000000002,-3.3200000000000003,0.608276253029822,0.608276253029822
0.1899999999999995,-3.3200000000000003,0.6020797289396148,0.6020797289396148
0.1399999999999988,-3.2700000000000005,0.632455532033676,0.632455532033676
0.08999999999999986,-3.22,0.6363961030678928,0.6363961030678928
0.03999999999999915,-3.17,0.6363961030678928,0.6363961030678928
-0.009999999999999787,-3.12,0.608276253029822,0.608276253029822
-0.0600000000000005,-3.0700000000000003,0.570087712549569,0.570087712549569
-0.0600000000000005,-3.0200000000000005,0.5852349955359814,0.5852349955359814
-0.0600000000000005,-2.97,0.6000000000000001,0.6000000000000001
-0.11000000000000121,-2.92,0.55,0.55
-0.11000000000000121,-2.87,0.552268050859363,0.552268050859363
-0.11000000000000121,-2.8200000000000003,0.5590169943749475,0.5590169943749475
-0.11000000000000121,-2.77,0.570087712549569,0.570087712549569
-0.11000000000000121,-2.72,0.5590169943749475,0.5590169943749475
-0.16000000000000014,-2.6700000000000004,0.5590169943749475,0.5590169943749475
-0.16000000000000014,-2.62,0.570087712549569,0.570087712549569
-0.21000000000000085,-2.5700000000000003,0.5385164807134504,0.5385164807134504
-0.21000000000000085,-2.52,0.5590169943749475,0.5590169943749475
-0.21000000000000085,-2.47,0.5590169943749475,0.5590169943749475
-0.2599999999999998,-2.42,0.5590169943749475,0.5590169943749475
-0.3100000000000005,-2.37,0.5385164807134504,0.5385164807134504
-0.3100000000000005,-2.3200000000000003,0.5590169943749475,0.5590169943749475
-0.3600000000000012,-2.27,0.5408326913195984,0.5408326913195984
-0.3600000000000012,-2.22,0.5590169943749475,0.5590169943749475
-0.41000000000000014,-2.17,0.5656854249492381,0.5656854249492381
-0.46000000000000085,-2.12,0.5656854249492381,0.5656854249492381
-0.5099999999999998,-2.0700000000000003,0.5656854249492381,0.5656854249492381
-0.5600000000000005,-2.02,0.5656854249492381,0.5656854249492381
-0.6100000000000012,-1.9700000000000002,0.5656854249492381,0.5656854249492381
-0.6600000000000001,-1.9700000000000002,0.5830951894845301,0.5830951894845301
-0.7100000000000009,-1.92,0.6020797289396148,0.6020797289396148
-0.7599999999999998,-1.92,0.5852349955359814,0.5852349955359814
-0.8100000000000005,-1.92,0.570087712549569,0.570087712549569
-0.8600000000000012,-1.87,0.608276253029822,0.608276253029822
-0.9100000000000001,-1.87,0.6020797289396148,0.6020797289396148
-0.9600000000000009,-1.87,0.6000000000000001,0.6000000000000001
-1.0100000000000007,-1.87,0.6000000000000001,0.6000000000000001
-1.0600000000000005,-1.8200000000000003,0.65,0.65
-1.1100000000000003,-1.8200000000000003,0.65,0.65
-1.1600000000000001,-1.8200000000000003,0.65,0.65
-1.2100000000000009,-1.8200000000000003,0.651920240520265,0.651920240520265
-1.2600000000000007,-1.77,0.7071067811865476,0.7071067811865476
-1.3100000000000005,-1.77,0.7158910531638177,0.7158910531638177
-1.3600000000000003,-1.77,0.7280109889280518,0.7280109889280518
-1.4100000000000001,-1.77,0.7433034373659253,0.7433034373659253
-1.4600000000000009,-1.77,0.7615773105863909,0.7615773105863909
-1.5100000000000007,-1.77,0.7826237921249265,0.7826237921249265
-1.5600000000000005,-1.77,0.8062257748298549,0.8062257748298549
-1.6100000000000003,-1.8200000000000003,0.7826237921249265,0.7826237921249265
-1.6600000000000001,-1.8200000000000003,0.7905694150420949,0.7905694150420949
-1.7100000000000009,-1.87,0.7905694150420949,0.7905694150420949
-1.7600000000000007,-1.92,0.7810249675906654,0.7810249675906654
-1.8100000000000005,-1.9700000000000002,0.7778174593052023,0.7778174593052023
-1.8600000000000003,-2.02,0.7778174593052023,0.7778174593052023
-1.9100000000000001,-2.0700000000000003,0.75,0.75
-1.9600000000000009,-2.12,0.7000000000000001,0.7000000000000001
-1.9600000000000009,-2.17,0.7000000000000001,0.7000000000000001
-2.0100000000000007,-2.22,0.65,0.65
-2.0100000000000007,-2.27,0.65,0.65
-2.0600000000000005,-2.3200000000000003,0.6000000000000001,0.6000000000000001
-2.0600000000000005,-2.37,0.6000000000000001,0.6000000000000001
-2.0600000000000005,-2.42,0.6020797289396148,0.6020797289396148
-2.0600000000000005,-2.47,0.608276253029822,0.608276253029822
-2.0600000000000005,-2.52,0.6184658438426491,0.6184658438426491
-2.0600000000000005,-2.5700000000000003,0.632455532033676,0.632455532033676
-2.0600000000000005,-2.62,0.65,0.65
-2.0600000000000005,-2.6700000000000004,0.651920240520265,0.651920240520265
-2.0600000000000005,-2.72,0.65,0.65
-2.0600000000000005,-2.77,0.65,0.65
-2.1100000000000003,-2.8200000000000003,0.696419413859206,0.696419413859206
-2.1100000000000003,-2.87,0.6800735254367722,0.6800735254367722
-2.16,-2.92,0.7158910531638177,0.7158910531638177
-2.210000000000001,-2.97,0.7106335201775948,0.7106335201775948
-2.2600000000000007,-3.0200000000000005,0.7071067811865476,0.7071067811865476
-2.3100000000000005,-3.0700000000000003,0.7071067811865476,0.7071067811865476
-2.3600000000000003,-3.12,0.7071067811865476,0.7071067811865476
-2.41,-3.17,0.7071067811865476,0.7071067811865476
-2.460000000000001,-3.22,0.7106335201775948,0.7106335201775948
-2.5100000000000007,-3.2700000000000005,0.7211102550927979,0.7211102550927979
-2.5600000000000005,-3.3200000000000003,0.73824115301167,0.73824115301167
-2.6100000000000003,-3.37,0.7615773105863909,0.7615773105863909
-2.66,-3.37,0.7433034373659253,0.7433034373659253
-2.710000000000001,-3.42,0.7762087348130012,0.7762087348130012
-2.7600000000000007,-3.42,0.7615773105863909,0.7615773105863909
-2.8100000000000005,-3.42,0.7433034373659253,0.7433034373659253
-2.8600000000000003,-3.42,0.7280109889280518,0.7280109889280518
-2.91,-3.47,0.7648529270389178,0.7648529270389178
-2.960000000000001,-3.47,0.7566372975210779,0.7566372975210779
-3.0100000000000007,-3.47,0.7516648189186454,0.7516648189186454
-3.0600000000000005,-3.47,0.75,0.75
-3.1100000000000003,-3.47,0.75,0.75
-3.16,-3.42,0.70178344238091,0.70178344238091
-3.210000000000001,-3.42,0.7071067811865476,0.7071067811865476
-3.2600000000000007,-3.42,0.7158910531638177,0.7158910531638177
-3.3100000000000005,-3.42,0.7280109889280518,0.7280109889280518
-3.3600000000000003,-3.42,0.7433034373659253,0.7433034373659253
-3.41,-3.42,0.7433034373659253,0.7433034373659253
-3.460000000000001,-3.37,0.73824115301167,0.73824115301167
-3.5100000000000007,-3.37,0.7615773105863909,0.7615773105863909
-3.5600000000000005,-3.37,0.73824115301167,0.73824115301167
-3.6100000000000003,-3.3200000000000003,0.7516648189186454,0.7516648189186454
-3.66,-3.3200000000000003,0.70178344238091,0.70178344238091
-3.710000000000001,-3.2700000000000005,0.6576473218982953,0.6576473218982953
-3.7600000000000007,-3.22,0.6184658438426491,0.6184658438426491
-3.7600000000000007,-3.17,0.632455532033676,0.632455532033676
-3.7600000000000007,-3.12,0.65,0.65
-3.8100000000000005,-3.0700000000000003,0.608276253029822,0.608276253029822
-3.8100000000000005,-3.0200000000000005,0.6184658438426491,0.6184658438426491
-3.8600000000000003,-2.97,0.5852349955359814,0.5852349955359814
-3.8600000000000003,-2.92,0.6041522986797286,0.6041522986797286
-3.91,-2.87,0.5830951894845301,0.5830951894845301
-3.91,-2.8200000000000003,0.6041522986797286,0.6041522986797286
-3.91,-2.77,0.5852349955359814,0.5852349955359814
-3.960000000000001,-2.72,0.6041522986797286,0.6041522986797286
-3.960000000000001,-2.6700000000000004,0.608276253029822,0.608276253029822
-3.960000000000001,-2.62,0.6020797289396148,0.6020797289396148
-4.010000000000001,-2.5700000000000003,0.632455532033676,0.632455532033676
-4.010000000000001,-2.52,0.6184658438426491,0.6184658438426491
-4.010000000000001,-2.47,0.608276253029822,0.608276253029822
-4.010000000000001,-2.42,0.6020797289396148,0.6020797289396148
-4.0600000000000005,-2.37,0.65,0.65
-4.0600000000000005,-2.3200000000000003,0.65,0.65
-4.0600000000000005,-2.27,0.651920240520265,0.651920240520265
-4.11,-2.22,0.7071067811865476,0.7071067811865476
-4.16,-2.17,0.7516648189186454,0.7516648189186454
-4.210000000000001,-2.12,0.7826237921249265,0.7826237921249265
-4.260000000000001,-2.12,0.7826237921249265,0.7826237921249265
-4.3100000000000005,-2.12,0.7615773105863909,0.7615773105863909
-4.36,-2.12,0.7433034373659253,0.7433034373659253
-4.410000000000001,-2.0700000000000003,0.7762087348130012,0.7762087348130012
-4.460000000000001,-2.0700000000000003,0.7648529270389178,0.7648529270389178
-4.510000000000001,-2.02,0.8062257748298549,0.8062257748298549
-4.5600000000000005,-2.02,0.8015609770940699,0.8015609770940699
-4.61,-2.02,0.8,0.8
-4.660000000000001,-1.9700000000000002,0.8381527307120106,0.8381527307120106
-4.710000000000001,-1.9700000000000002,0.8246211251235321,0.8246211251235321
-4.760000000000001,-1.9700000000000002,0.8139410298049854,0.8139410298049854
-4.8100000000000005,-1.9700000000000002,0.8062257748298549,0.8062257748298549
-4.86,-1.9700000000000002,0.8015609770940699,0.8015609770940699
-4.910000000000001,-1.92,0.8500000000000001,0.8500000000000001
-4.960000000000001,-1.92,0.8514693182963202,0.8514693182963202
-5.010000000000001,-1.92,0.8558621384311845,0.8558621384311845
-5.0600000000000005,-1.92,0.8631338250816034,0.8631338250816034
-5.110000000000001,-1.92,0.873212459828649,0.873212459828649
-5.16,-1.92,0.8860022573334675,0.8860022573334675
-5.210000000000001,-1.9700000000000002,0.8544003745317531,0.8544003745317531
-5.260000000000001,-1.9700000000000002,0.8631338250816034,0.8631338250816034
-5.3100000000000005,-1.9700000000000002,0.873212459828649,0.873212459828649
-5.360000000000001,-1.9700000000000002,0.8860022573334675,0.8860022573334675
-5.41,-1.9700000000000002,0.9013878188659974,0.9013878188659974
-5.460000000000001,-2.02,0.873212459828649,0.873212459828649
-5.510000000000001,-2.02,0.894427190999916,0.894427190999916
-5.5600000000000005,-2.0700000000000003,0.8746427842267951,0.8746427842267951
-5.610000000000001,-2.0700000000000003,0.9013878188659974,0.9013878188659974
-5.66,-2.12,0.8500000000000001,0.8500000000000001
-5.710000000000001,-2.17,0.8015609770940699,0.8015609770940699
-5.710000000000001,-2.22,0.8,0.8
-5.710000000000001,-2.27,0.7826237921249265,0.7826237921249265
-5.760000000000001,-2.3200000000000003,0.7158910531638177,0.7158910531638177
-5.760000000000001,-2.37,0.696419413859206,0.696419413859206
-5.760000000000001,-2.42,0.6800735254367722,0.6800735254367722
-5.8100000000000005,-2.47,0.6184658438426491,0.6184658438426491
-5.8100000000000005,-2.52,0.608276253029822,0.608276253029822
-5.8100000000000005,-2.5700000000000003,0.6020797289396148,0.6020797289396148
-5.860000000000001,-2.62,0.55,0.55
-5.860000000000001,-2.6700000000000004,0.552268050859363,0.552268050859363
-5.860000000000001,-2.72,0.5590169943749475,0.5590169943749475
-5.860000000000001,-2.77,0.570087712549569,0.570087712549569
-5.860000000000001,-2.8200000000000003,0.5852349955359814,0.5852349955359814
-5.860000000000001,-2.87,0.6000000000000001,0.6000000000000001
-5.860000000000001,-2.92,0.5852349955359814,0.5852349955359814
-5.860000000000001,-2.97,0.570087712549569,0.570087712549569
-5.860000000000001,-3.0200000000000005,0.5590169943749475,0.5590169943749475
-5.860000000000001,-3.0700000000000003,0.552268050859363,0.552268050859363
-5.860000000000001,-3.12,0.55,0.55
-5.91,-3.17,0.5024937810560445,0.5024937810560445
-5.91,-3.22,0.5099019513592785,0.5099019513592785
-5.91,-3.2700000000000005,0.5220153254455275,0.5220153254455275
-5.91,-3.3200000000000003,0.5385164807134504,0.5385164807134504
-5.91,-3.37,0.5590169943749475,0.5590169943749475
-5.91,-3.42,0.552268050859363,0.552268050859363
-5.91,-3.47,0.55,0.55
-5.91,-3.5200000000000005,0.55,0.55
-5.960000000000001,-3.5700000000000003,0.6000000000000001,0.6000000000000001
-5.960000000000001,-3.62,0.6000000000000001,0.6000000000000001
-6.010000000000001,-3.67,0.6363961030678928,0.6363961030678928
-6.0600000000000005,-3.72,0.6363961030678928,0.6363961030678928
-6.0600000000000005,-3.7700000000000005,0.6670832032063168,0.6670832032063168
-6.110000000000001,-3.8200000000000003,0.670820393249937,0.670820393249937
-6.16,-3.87,0.65,0.65
-6.210000000000001,-3.87,0.651920240520265,0.651920240520265
-6.260000000000001,-3.9200000000000004,0.65,0.65
-6.3100000000000005,-3.9200000000000004,0.65,0.65
-6.360000000000001,-3.9200000000000004,0.632455532033676,0.632455532033676
-6.41,-3.9200000000000004,0.6184658438426491,0.6184658438426491
-6.460000000000001,-3.97,0.6576473218982953,0.6576473218982953
-6.510000000000001,-3.97,0.651920240520265,0.651920240520265
-6.5600000000000005,-3.97,0.65,0.65
-6.610000000000001,-3.97,0.65,0.65
-6.66,-3.97,0.65,0.65
-6.710000000000001,-3.97,0.651920240520265,0.651920240520265
-6.760000000000001,-3.97,0.6576473218982953,0.6576473218982953
-6.8100000000000005,-3.97,0.6670832032063168,0.6670832032063168
-6.860000000000001,-3.9200000000000004,0.632455532033676,0.632455532033676
-6.91,-3.9200000000000004,0.65,0.65
-6.960000000000001,-3.87,0.6264982043070835,0.6264982043070835
-7.010000000000001,-3.8200000000000003,0.6103277807866851,0.6103277807866851
-7.0600000000000005,-3.7700000000000005,0.6020797289396148,0.6020797289396148
-7.110000000000001,-3.72,0.5852349955359814,0.5852349955359814
-7.160000000000001,-3.67,0.5590169943749475,0.5590169943749475
-7.160000000000001,-3.62,0.570087712549569,0.570087712549569
-7.210000000000001,-3.5700000000000003,0.5385164807134504,0.5385164807134504
-7.210000000000001,-3.5200000000000005,0.552268050859363,0.552268050859363
-7.210000000000001,-3.47,0.5590169943749475,0.5590169943749475
-7.260000000000001,-3.42,0.5220153254455275,0.5220153254455275
-7.260000000000001,-3.37,0.5385164807134504,0.5385164807134504
-7.260000000000001,-3.3200000000000003,0.5385164807134504,0.5385164807134504
-7.260000000000001,-3.2700000000000005,0.5220153254455275,0.5220153254455275
-7.3100000000000005,-3.22,0.5024937810560445,0.5024937810560445
-7.3100000000000005,-3.17,0.5099019513592785,0.5099019513592785
-7.3100000000000005,-3.12,0.5220153254455275,0.5220153254455275
-7.3100000000000005,-3.0700000000000003,0.5385164807134504,0.5385164807134504
-7.3100000000000005,-3.0200000000000005,0.55,0.55
-7.3100000000000005,-2.97,0.55,0.55
-7.360000000000001,-2.92,0.5,0.5
-7.360000000000001,-2.87,0.5024937810560445,0.5024937810560445
-7.360000000000001,-2.8200000000000003,0.5099019513592785,0.5099019513592785
-7.360000000000001,-2.77,0.5220153254455275,0.5220153254455275
-7.360000000000001,-2.72,0.5385164807134504,0.5385164807134504
-7.360000000000001,-2.6700000000000004,0.55,0.55
-7.360000000000001,-2.62,0.55,0.55
-7.410000000000001,-2.5700000000000003,0.5099019513592785,0.5099019513592785
-7.410000000000001,-2.52,0.5220153254455275,0.5220153254455275
-7.410000000000001,-2.47,0.5385164807134504,0.5385164807134504
-7.410000000000001,-2.42,0.55,0.55
-7.410000000000001,-2.37,0.55,0.55
-7.410000000000001,-2.3200000000000003,0.552268050859363,0.552268050859363
-7.410000000000001,-2.27,0.55,0.55
-7.410000000000001,-2.22,0.55,0.55
-7.410000000000001,-2.17,0.55,0.55
-7.410000000000001,-2.12,0.55,0.55
-7.410000000000001,-2.0700000000000003,0.55,0.55
-7.410000000000001,-2.02,0.55,0.55
-7.460000000000001,-1.9700000000000002,0.6000000000000001,0.6000000000000001
-7.460000000000001,-1.92,0.6000000000000001,0.6000000000000001
-7.460000000000001,-1.87,0.6000000000000001,0.6000000000000001
-7.460000000000001,-1.8200000000000003,0.6000000000000001,0.6000000000000001
-7.460000000000001,-1.77,0.6000000000000001,0.6000000000000001
-7.460000000000001,-1.7200000000000002,0.6020797289396148,0.6020797289396148
-7.460000000000001,-1.67,0.6000000000000001,0.6000000000000001
-7.460000000000001,-1.62,0.6020797289396148,0.6020797289396148
-7.460000000000001,-1.5700000000000003,0.608276253029822,0.608276253029822
